# Surviving-edge dataset: week 1's 1762 live links, dated by first appearance and treated as permanent.
# birth_year = max(first_seen_year, first_frame[source], first_frame[target]).
source	target	birth_year
Phoenix_Force	Jean_Grey	2003
Phoenix_Force	Rachel_Summers	2003
Eddie_Brock	Spider-Man	2004
Quicksilver_(Marvel_Comics)	Scarlet_Witch	2004
Rachel_Summers	Jean_Grey	2004
Scarlet_Witch	Quicksilver_(Marvel_Comics)	2004
Wolverine_(character)	Hulk	2004
Wolverine_(character)	Jean_Grey	2004
Abomination_(character)	Hulk	2005
Adam_Warlock	She-Hulk	2005
Anya_Corazon	Spider-Man	2005
Betsy_Braddock	Doctor_Strange	2005
Betsy_Braddock	Jean_Grey	2005
Black_Cat_(Marvel_Comics)	Doctor_Strange	2005
Black_Cat_(Marvel_Comics)	Spider-Man	2005
Black_Knight_(Marvel_Comics)	Doctor_Strange	2005
Cable_(character)	Deadpool	2005
Cable_(character)	Jean_Grey	2005
Cable_(character)	Rachel_Summers	2005
Captain_Universe	Doctor_Strange	2005
Captain_Universe	Spider-Man	2005
Cyclops_(Marvel_Comics)	Cable_(character)	2005
Cyclops_(Marvel_Comics)	Jean_Grey	2005
Deadpool	Cable_(character)	2005
Deathlok	Spider-Man	2005
Doctor_Druid	Doctor_Strange	2005
Doctor_Druid	Hulk	2005
Emma_Frost	Jean_Grey	2005
Hulk	Abomination_(character)	2005
Hulk	She-Hulk	2005
Human_Torch	Human_Torch_(android)	2005
Human_Torch_(android)	Human_Torch	2005
Human_Torch_(android)	Scarlet_Witch	2005
Iron_Fist_(character)	Luke_Cage	2005
Jean_Grey	Rachel_Summers	2005
Leech_(character)	Emma_Frost	2005
Mayday_Parker	Spider-Man	2005
Northstar_(character)	Jean_Grey	2005
Patsy_Walker	Doctor_Strange	2005
Patsy_Walker	Moondragon	2005
Rachel_Summers	Cable_(character)	2005
Scarlet_Witch	Doctor_Strange	2005
She-Hulk	Hulk	2005
Spider-Woman	Spider-Man	2005
Xorn	Emma_Frost	2005
Xorn	Jean_Grey	2005
Adam_Warlock	Kismet_(Marvel_Comics)	2006
Agent_X_(Marvel_Comics)	Cable_(character)	2006
Alex_Wilder	Chase_Stein	2006
Anne_Weying	Spider-Man	2006
Arabian_Knight_(character)	Hulk	2006
Beta_Ray_Bill	Spider-Man	2006
Betsy_Braddock	Jubilee_(character)	2006
Bill_Foster_(character)	Hank_Pym	2006
Bill_Foster_(character)	Luke_Cage	2006
Black_Bolt	Karnak_(character)	2006
Black_Cat_(Marvel_Comics)	Scarlet_Spider	2006
Blade_(character)	Doctor_Strange	2006
Blade_(character)	Morbius	2006
Blade_(character)	Spider-Man	2006
Blazing_Skull	Union_Jack_(Marvel_Comics)	2006
Bucky_(Marvel_Comics)	Nomad_(Marvel_Comics)	2006
Captain_Marvel_(Marvel_Comics)	Genis-Vell	2006
Captain_Marvel_(Marvel_Comics)	Moondragon	2006
Captain_Universe	Gladiator_(Kallark)	2006
Captain_Universe	Hulk	2006
Cloak_and_Dagger_(characters)	Spider-Man	2006
Cyclops_(Marvel_Comics)	Emma_Frost	2006
Cyclops_(Marvel_Comics)	Rachel_Summers	2006
Darkhawk	Turbo_(comics)	2006
Deadpool	Spider-Man	2006
Devil_Dinosaur	Spider-Man	2006
Doctor_Spectrum	Hyperion_(character)	2006
Doctor_Strange	Captain_Universe	2006
Doctor_Strange	Scarlet_Witch	2006
Eddie_Brock	Scarlet_Spider	2006
Emma_Frost	Cyclops_(Marvel_Comics)	2006
Emma_Frost	Rachel_Summers	2006
Ethan_Edwards	Spider-Man	2006
Flatman_(character)	Living_Lightning	2006
Franklin_Richards_(character)	Human_Torch	2006
Franklin_Richards_(character)	Rachel_Summers	2006
Garrison_Kane	Cable_(character)	2006
Genis-Vell	Captain_Marvel_(Marvel_Comics)	2006
Ghost_Rider	Hulk	2006
Ghost_Rider	Spider-Man	2006
Gladiator_(Kallark)	Captain_Universe	2006
Gladiator_(Kallark)	Spider-Man	2006
Gorgon_(Inhuman)	Black_Bolt	2006
Hank_Pym	Bill_Foster_(character)	2006
Hellion_(character)	Emma_Frost	2006
Hulk	Spider-Man	2006
Hulkling	Hulk	2006
Human_Torch	Spider-Man	2006
Human_Torch_(android)	Citizen_V	2006
Human_Torch_(android)	Spitfire_(character)	2006
Human_Torch_(android)	Toro_(character)	2006
Human_Torch_(android)	Union_Jack_(Marvel_Comics)	2006
Iron_Fist_(character)	Black_Panther_(character)	2006
Iron_Fist_(character)	Shang-Chi	2006
Iron_Man_2020	Machine_Man	2006
Iron_Man_2020	Spider-Man	2006
Jean_Grey	Cable_(character)	2006
Jean_Grey	Emma_Frost	2006
Jean_Grey	Phoenix_Force	2006
Jean_Grey	Xorn	2006
Jessica_Jones	Jean_Grey	2006
Jessica_Jones	Luke_Cage	2006
Jessica_Jones	Scarlet_Witch	2006
Jessica_Jones	Spider-Man	2006
John_Jameson_(character)	She-Hulk	2006
John_Jameson_(character)	Spider-Man	2006
Justice_(New_Universe)	Nightmask	2006
Justice_(New_Universe)	Star_Brand	2006
Karnak_(character)	Black_Bolt	2006
Kid_Colt	Black_Panther_(character)	2006
Kid_Colt	Two-Gun_Kid	2006
Killraven	Black_Panther_(character)	2006
Killraven	Spider-Man	2006
Kismet_(Marvel_Comics)	Adam_Warlock	2006
Kismet_(Marvel_Comics)	Star_Brand	2006
Kismet_(Marvel_Comics)	Starhawk_(character)	2006
Luke_Cage	Jessica_Jones	2006
Mayday_Parker	Darkdevil	2006
Mayday_Parker	Scarlet_Spider	2006
Mockingbird_(Marvel_Comics)	Moon_Knight	2006
Moon_Knight	Werewolf_by_Night	2006
Moondragon	Adam_Warlock	2006
Moondragon	Genis-Vell	2006
Morbius	Spider-Man	2006
Nomad_(Marvel_Comics)	Bucky_(Marvel_Comics)	2006
Northstar_(character)	Emma_Frost	2006
Northstar_(character)	Scarlet_Witch	2006
Nova_(Richard_Rider)	Cable_(character)	2006
Patsy_Walker	Mockingbird_(Marvel_Comics)	2006
Puck_(Marvel_Comics)	Spider-Man	2006
Rachel_Summers	Emma_Frost	2006
Rocket_Raccoon	Hulk	2006
Shang-Chi	Moon_Knight	2006
Spider-Man	Scarlet_Spider	2006
Spider-Woman	Spider-Woman_(Jessica_Drew)	2006
Spider-Woman_(Jessica_Drew)	Doctor_Strange	2006
Spider-Woman_(Jessica_Drew)	Spider-Woman	2006
Spitfire_(character)	Human_Torch_(android)	2006
Starhawk_(character)	Kismet_(Marvel_Comics)	2006
Stingray_(Marvel_Comics)	Scarlet_Witch	2006
Storm_(Marvel_Comics)	Black_Panther_(character)	2006
Storm_(Marvel_Comics)	Jean_Grey	2006
Storm_(Marvel_Comics)	Spider-Man	2006
Toro_(character)	Human_Torch_(android)	2006
Turbo_(comics)	Rom_the_Space_Knight	2006
Two-Gun_Kid	Kid_Colt	2006
U.S._Agent	Blazing_Skull	2006
U.S._Agent	Human_Torch_(android)	2006
U.S._Agent	War_Machine	2006
Union_Jack_(Marvel_Comics)	Human_Torch_(android)	2006
Union_Jack_(Marvel_Comics)	Spitfire_(character)	2006
Vance_Astrovik	Justice_(New_Universe)	2006
Vindicator_(comics)	Guardian_(Marvel_Comics)	2006
Werewolf_by_Night	Blade_(character)	2006
Werewolf_by_Night	Moon_Knight	2006
Werewolf_by_Night	Spider-Man	2006
Wild_Child_(character)	Guardian_(Marvel_Comics)	2006
Wolverine_(character)	Cyclops_(Marvel_Comics)	2006
Wolverine_(character)	Guardian_(Marvel_Comics)	2006
Wolverine_(character)	Jubilee_(character)	2006
Wolverine_(character)	Spider-Man	2006
Xorn	Scarlet_Witch	2006
Adam_Warlock	Hulk	2007
Adam_Warlock	Moondragon	2007
Agent_X_(Marvel_Comics)	Outlaw_(Marvel_Comics)	2007
Ajak	Ikaris	2007
Ajak	Thena	2007
Anole_(character)	Emma_Frost	2007
Anole_(character)	Hellion_(character)	2007
Arabian_Knight_(character)	Black_Panther_(character)	2007
Arabian_Knight_(character)	Sabra_(character)	2007
Arabian_Knight_(character)	She-Hulk	2007
Arabian_Knight_(character)	Union_Jack_(Marvel_Comics)	2007
Ares_(Marvel_Comics)	Hercules_(Marvel_Comics)	2007
Battlestar_(character)	U.S._Agent	2007
Betsy_Braddock	Cable_(character)	2007
Betsy_Braddock	Emma_Frost	2007
Betsy_Braddock	Rachel_Summers	2007
Betsy_Braddock	Scarlet_Witch	2007
Bill_Foster_(character)	Black_Panther_(character)	2007
Bill_Foster_(character)	Hulk	2007
Bill_Foster_(character)	Jericho_Drumm	2007
Bill_Foster_(character)	Spider-Man	2007
Bill_Foster_(character)	Spider-Woman_(Jessica_Drew)	2007
Black_Bolt	Hulk	2007
Black_Bolt	Quicksilver_(Marvel_Comics)	2007
Black_Bolt	Sentry_(Robert_Reynolds)	2007
Black_Cat_(Marvel_Comics)	Jericho_Drumm	2007
Black_Cat_(Marvel_Comics)	Misty_Knight	2007
Black_Cat_(Marvel_Comics)	Morbius	2007
Black_Cat_(Marvel_Comics)	Paladin_(comics)	2007
Black_Cat_(Marvel_Comics)	Spider-Woman_(Jessica_Drew)	2007
Black_Jack_Tarr	Shang-Chi	2007
Black_Knight_(Marvel_Comics)	Black_Panther_(character)	2007
Black_Knight_(Marvel_Comics)	Hank_Pym	2007
Black_Panther_(character)	Luke_Cage	2007
Black_Panther_(character)	White_Tiger_(comics)	2007
Black_Widow_(Natasha_Romanova)	Red_Guardian	2007
Blazing_Skull	Black_Marvel	2007
Blazing_Skull	Jeffrey_Mace	2007
Blazing_Skull	U.S._Agent	2007
Box_(comics)	Guardian_(Marvel_Comics)	2007
Bucky_(Marvel_Comics)	Battlestar_(character)	2007
Bucky_(Marvel_Comics)	U.S._Agent	2007
Bucky_(Marvel_Comics)	War_Machine	2007
Bucky_(Marvel_Comics)	William_Burnside_(character)	2007
Cable_(character)	Phoenix_Force	2007
Captain_Marvel_(Marvel_Comics)	Elsa_Bloodstone	2007
Captain_Marvel_(Marvel_Comics)	Machine_Man	2007
Captain_Marvel_(Marvel_Comics)	Phyla-Vell	2007
Captain_Universe	Doctor_Druid	2007
Cloak_and_Dagger_(characters)	Anya_Corazon	2007
Cloak_and_Dagger_(characters)	Darkhawk	2007
Cloak_and_Dagger_(characters)	Doctor_Strange	2007
Cloak_and_Dagger_(characters)	Shang-Chi	2007
Coldblood	Deathlok	2007
Cyclops_(Marvel_Comics)	Phoenix_Force	2007
Cyclops_(Marvel_Comics)	Scarlet_Witch	2007
Cyclops_(Marvel_Comics)	Xorn	2007
Darkdevil	Doctor_Strange	2007
Darkdevil	Ghost_Rider	2007
Darkhawk	Cloak_and_Dagger_(characters)	2007
Deadpool	Hulk	2007
Deadpool	Nomad_(Marvel_Comics)	2007
Deadpool	Outlaw_(Marvel_Comics)	2007
Deathlok	Black_Panther_(character)	2007
Debrii	Bill_Foster_(character)	2007
Debrii	She-Hulk	2007
Delroy_Garrett	Deadpool	2007
Devil_Dinosaur	Hank_Pym	2007
Devil_Dinosaur	Hulk	2007
Devil_Hulk	Hulk	2007
Digitek_(character)	Deathlok	2007
Doctor_Druid	Man-Thing	2007
Doctor_Spectrum	Hank_Pym	2007
Doctor_Strange	Cloak_and_Dagger_(characters)	2007
Doctor_Strange	Deadpool	2007
Doctor_Strange	Hulk	2007
Doctor_Strange	Human_Torch	2007
Doctor_Strange	Spider-Man	2007
Doom_2099	Doctor_Strange	2007
Doom_2099	Hulk_2099	2007
Doom_2099	Ravage_2099	2007
Dusk_(comics)	Black_Marvel	2007
Dusk_(comics)	Hornet_(comics)	2007
Dusk_(comics)	Ricochet_(comics)	2007
Dusk_(comics)	Spider-Man	2007
Eddie_Brock	Hybrid_(Scott_Washington)	2007
Emma_Frost	Empath_(character)	2007
Emma_Frost	Xorn	2007
Empath_(character)	Emma_Frost	2007
Firebird_(Marvel_Comics)	Bill_Foster_(character)	2007
Firebird_(Marvel_Comics)	Hank_Pym	2007
Firebird_(Marvel_Comics)	Hulk	2007
Firebird_(Marvel_Comics)	Mockingbird_(Marvel_Comics)	2007
Flatman_(character)	Hercules_(Marvel_Comics)	2007
Frog-Man	Spider-Man	2007
Frog-Man	Steel_Spider	2007
G._W._Bridge	Cable_(character)	2007
G._W._Bridge	Garrison_Kane	2007
Gargoyle_(comics)	Hulk	2007
Gargoyle_(comics)	Moondragon	2007
Gargoyle_(comics)	Patsy_Walker	2007
Garrison_Kane	Deadpool	2007
Garrison_Kane	Rachel_Summers	2007
Genis-Vell	Phyla-Vell	2007
Ghost_Rider	Blade_(character)	2007
Ghost_Rider	Doctor_Strange	2007
Gladiator_(Kallark)	Phoenix_Force	2007
Gladiator_(Kallark)	Rom_the_Space_Knight	2007
Gremlin_(comics)	Gargoyle_(comics)	2007
Guardian_(Marvel_Comics)	Puck_(Marvel_Comics)	2007
Helix_(Marvel_Comics)	Spider-Man	2007
Hercules_(Marvel_Comics)	Hulk	2007
Hercules_(Marvel_Comics)	Red_Guardian	2007
Hornet_(comics)	Black_Marvel	2007
Hornet_(comics)	Dusk_(comics)	2007
Hornet_(comics)	Spider-Woman_(Jessica_Drew)	2007
Hulk_2099	Hulk	2007
Hulkling	Quicksilver_(Marvel_Comics)	2007
Hulkling	Scarlet_Witch	2007
Human_Fly_(character)	Hornet_(comics)	2007
Human_Fly_(character)	Moon_Knight	2007
Human_Fly_(character)	Spider-Man	2007
Human_Fly_(character)	Spider-Woman_(Jessica_Drew)	2007
Human_Torch	Quicksilver_(Marvel_Comics)	2007
Hybrid_(Scott_Washington)	Eddie_Brock	2007
Hybrid_(Scott_Washington)	Spider-Man	2007
Hyperion_(character)	Doctor_Spectrum	2007
Ikaris	Thena	2007
Iron_Fist_(character)	Misty_Knight	2007
Iron_Fist_(character)	Moon_Knight	2007
Isaiah_Bradley	Black_Panther_(character)	2007
Isaiah_Bradley	Luke_Cage	2007
Jeffrey_Mace	Human_Torch_(android)	2007
Jericho_Drumm	Doctor_Strange	2007
Jericho_Drumm	Gargoyle_(comics)	2007
Jericho_Drumm	Ghost_Rider	2007
Jericho_Drumm	Satana_(Marvel_Comics)	2007
Jericho_Drumm	Werewolf_by_Night	2007
Jubilee_(character)	Emma_Frost	2007
Jubilee_(character)	Scarlet_Witch	2007
Living_Lightning	Flatman_(character)	2007
Living_Lightning	Hulk	2007
Luke_Cage	Black_Panther_(character)	2007
Luke_Cage	Iron_Fist_(character)	2007
Luke_Cage	Misty_Knight	2007
Luke_Cage	Spider-Man	2007
Machine_Man	Deathlok	2007
Machine_Man	Elsa_Bloodstone	2007
Machine_Man	Iron_Man_2020	2007
Machine_Man	Spider-Man	2007
Man-Thing	Doctor_Strange	2007
Man-Thing	Mockingbird_(Marvel_Comics)	2007
Man-Thing	Satana_(Marvel_Comics)	2007
Man-Thing	She-Hulk	2007
Man-Thing	Spider-Man	2007
Mayday_Parker	Phil_Urich	2007
Mayday_Parker	Spider-Woman_(Jessica_Drew)	2007
Misty_Knight	Jean_Grey	2007
Misty_Knight	Luke_Cage	2007
Moon_Knight	Spider-Man	2007
Moondragon	Phyla-Vell	2007
Morbius	Blade_(character)	2007
Morbius	John_Jameson_(character)	2007
Motormouth_(comics)	Hulk	2007
Nightwatch_(character)	Spider-Man	2007
Noh-Varr	Hulk	2007
Nomad_(Marvel_Comics)	William_Burnside_(character)	2007
Northstar_(character)	Anole_(character)	2007
Northstar_(character)	Cable_(character)	2007
Northstar_(character)	Guardian_(Marvel_Comics)	2007
Northstar_(character)	Hulk	2007
Nova_(Richard_Rider)	Robbie_Baldwin	2007
Outlaw_(Marvel_Comics)	Deadpool	2007
Outlaw_(Marvel_Comics)	Empath_(character)	2007
Paladin_(comics)	Hank_Pym	2007
Paladin_(comics)	Jubilee_(character)	2007
Paladin_(comics)	Shang-Chi	2007
Phoenix_Force	Emma_Frost	2007
Phyla-Vell	Captain_Marvel_(Marvel_Comics)	2007
Phyla-Vell	Genis-Vell	2007
Phyla-Vell	Moondragon	2007
Powerhouse_(Marvel_Comics)	Spider-Man	2007
Quicksilver_(Marvel_Comics)	Black_Bolt	2007
Rachel_Summers	Vulcan_(Marvel_Comics)	2007
Radioactive_Man_(comics)	Hank_Pym	2007
Ravage_2099	Doom_2099	2007
Ricochet_(comics)	Black_Marvel	2007
Ricochet_(comics)	Hornet_(comics)	2007
Ricochet_(comics)	Spider-Man	2007
Robbie_Baldwin	Anya_Corazon	2007
Robbie_Baldwin	Cloak_and_Dagger_(characters)	2007
Robbie_Baldwin	Darkhawk	2007
Robbie_Baldwin	Spider-Man	2007
Robbie_Baldwin	Timeslip_(comics)	2007
Rocket_Raccoon	She-Hulk	2007
Rockslide_(character)	Emma_Frost	2007
Rom_the_Space_Knight	Genis-Vell	2007
Sabra_(character)	Hulk	2007
Satana_(Marvel_Comics)	Doctor_Strange	2007
Satana_(Marvel_Comics)	Ghost_Rider	2007
Satana_(Marvel_Comics)	Spider-Man	2007
Scarlet_Spider	Spider-Man	2007
Scarlet_Witch	Speed_(character)	2007
Sentry_(Robert_Reynolds)	Doctor_Strange	2007
Sentry_(Robert_Reynolds)	Emma_Frost	2007
Sentry_(Robert_Reynolds)	Hulk	2007
Sentry_(Robert_Reynolds)	Spider-Man	2007
Shang-Chi	Black_Jack_Tarr	2007
Shang-Chi	Spider-Man	2007
Shatterstar	Cable_(character)	2007
She-Hulk	Deadpool	2007
She-Hulk	John_Jameson_(character)	2007
She-Hulk	Luke_Cage	2007
She-Hulk	Man-Thing	2007
She-Hulk	Scarlet_Witch	2007
She-Hulk	Spider-Man	2007
Skull_the_Slayer	Blazing_Skull	2007
Solo_(Marvel_Comics)	Cable_(character)	2007
Solo_(Marvel_Comics)	Deathlok	2007
Solo_(Marvel_Comics)	G._W._Bridge	2007
Solo_(Marvel_Comics)	Hulk	2007
Speed_(character)	Iron_Lad	2007
Speed_(character)	Quicksilver_(Marvel_Comics)	2007
Speed_(character)	Scarlet_Witch	2007
Spider-Man	Hulk	2007
Spider-Woman	Anya_Corazon	2007
Spider-Woman_(Jessica_Drew)	Hornet_(comics)	2007
Spider-Woman_(Jessica_Drew)	Hulk	2007
Spider-Woman_(Jessica_Drew)	Jessica_Jones	2007
Spitfire_(character)	Union_Jack_(Marvel_Comics)	2007
Steel_Spider	Frog-Man	2007
Steel_Spider	Spider-Man	2007
Storm_(Marvel_Comics)	Luke_Cage	2007
Storm_(Marvel_Comics)	Scarlet_Witch	2007
Straw_Man_(comics)	Doctor_Strange	2007
Tarantula_(Marvel_Comics)	Misty_Knight	2007
Tarantula_(Marvel_Comics)	Spider-Man	2007
Thena	Makkari_(character)	2007
Thunderclap_(comics)	Spider-Man	2007
Timeslip_(comics)	Robbie_Baldwin	2007
Timeslip_(comics)	She-Hulk	2007
Two-Gun_Kid	She-Hulk	2007
Typeface_(character)	Spider-Man	2007
U.S._Agent	Battlestar_(character)	2007
Vance_Astrovik	She-Hulk	2007
Venom_(character)	Eddie_Brock	2007
Venom_(character)	Spider-Man	2007
Vindicator_(comics)	Puck_(Marvel_Comics)	2007
Vulcan_(Marvel_Comics)	Gladiator_(Kallark)	2007
Vulcan_(Marvel_Comics)	Rachel_Summers	2007
White_Tiger_(Heroes_for_Hire)	Misty_Knight	2007
White_Tiger_(Heroes_for_Hire)	White_Tiger_(comics)	2007
White_Tiger_(comics)	Black_Panther_(character)	2007
White_Tiger_(comics)	Misty_Knight	2007
White_Tiger_(comics)	Spider-Man	2007
Will_o'_the_Wisp_(comics)	Spider-Man	2007
William_Burnside_(character)	Jeffrey_Mace	2007
Wolverine_(character)	Cable_(character)	2007
Abomination_(character)	She-Hulk	2008
Abomination_(character)	Spider-Man	2008
Adam_Warlock	Doctor_Strange	2008
Adam_Warlock	Phyla-Vell	2008
Adam_Warlock	Spider-Man	2008
Agent_X_(Marvel_Comics)	Bob,_Agent_of_Hydra	2008
Anne_Weying	Eddie_Brock	2008
Anya_Corazon	Dusk_(comics)	2008
Arabian_Knight_(character)	Storm_(Marvel_Comics)	2008
Ares_(Marvel_Comics)	Black_Knight_(Marvel_Comics)	2008
Ares_(Marvel_Comics)	Ikaris	2008
Betsy_Braddock	Storm_(Marvel_Comics)	2008
Black_Marvel	Spider-Man	2008
Black_Panther_(character)	Bill_Foster_(character)	2008
Black_Panther_(character)	Storm_(Marvel_Comics)	2008
Black_Rider_(character)	Doctor_Strange	2008
Black_Widow_(Natasha_Romanova)	Ghost_Rider_(Johnny_Blaze)	2008
Black_Widow_(Natasha_Romanova)	Hercules_(Marvel_Comics)	2008
Blade_(character)	Ghost_Rider_(Danny_Ketch)	2008
Blade_(character)	Ghost_Rider_(Johnny_Blaze)	2008
Blazing_Skull	Skull_the_Slayer	2008
Blue_Diamond_(character)	Citizen_V	2008
Blue_Diamond_(character)	Human_Torch_(android)	2008
Blue_Diamond_(character)	Makkari_(character)	2008
Bob,_Agent_of_Hydra	Agent_X_(Marvel_Comics)	2008
Bob,_Agent_of_Hydra	Deadpool	2008
Bob,_Agent_of_Hydra	Doctor_Strange	2008
Bob,_Agent_of_Hydra	Outlaw_(Marvel_Comics)	2008
Bucky_(Marvel_Comics)	Jeffrey_Mace	2008
Captain_Marvel_(Marvel_Comics)	Kismet_(Marvel_Comics)	2008
Captain_Marvel_(Marvel_Comics)	Scarlet_Witch	2008
Captain_Universe	Eddie_Brock	2008
Captain_Universe	Star-Lord	2008
Caretaker_(comics)	Ghost_Rider_(Danny_Ketch)	2008
Caretaker_(comics)	Ghost_Rider_(Johnny_Blaze)	2008
Chase_Stein	Speed_(character)	2008
Citizen_V	Cable_(character)	2008
Cloak_and_Dagger_(characters)	Adam_Warlock	2008
Cloak_and_Dagger_(characters)	Deathlok	2008
Cloak_and_Dagger_(characters)	Hank_Pym	2008
Cloak_and_Dagger_(characters)	Hulkling	2008
Cloak_and_Dagger_(characters)	Iron_Fist_(character)	2008
Cloak_and_Dagger_(characters)	Luke_Cage	2008
Crippler_(character)	Deathlok	2008
Crippler_(character)	Eddie_Brock	2008
Crippler_(character)	Human_Torch	2008
Crippler_(character)	Stingray_(Marvel_Comics)	2008
Cyclops_(Marvel_Comics)	Storm_(Marvel_Comics)	2008
Cyclops_(Marvel_Comics)	Vulcan_(Marvel_Comics)	2008
Darkhawk	Phil_Urich	2008
Darkhawk	Ricochet_(comics)	2008
Darkhawk	Spider-Man	2008
Deadpool	Agent_X_(Marvel_Comics)	2008
Deadpool	Blade_(character)	2008
Deadpool	Bob,_Agent_of_Hydra	2008
Deadpool	Moon_Knight	2008
Deadpool	She-Hulk	2008
Doctor_Strange	Man-Thing	2008
Dusk_(comics)	Anya_Corazon	2008
Eddie_Brock	Iron_Fist_(character)	2008
Eddie_Brock	Venom_(character)	2008
Elsa_Bloodstone	Ulysses_Bloodstone	2008
Emma_Frost	Jubilee_(character)	2008
Frankenstein's_Monster_(Marvel_Comics)	Elsa_Bloodstone	2008
Gauntlet_(Joseph_Green)	She-Hulk	2008
Ghost_Rider	Ghost_Rider_(Danny_Ketch)	2008
Ghost_Rider	Ghost_Rider_(Johnny_Blaze)	2008
Ghost_Rider_(Danny_Ketch)	Blade_(character)	2008
Ghost_Rider_(Danny_Ketch)	Ghost_Rider	2008
Ghost_Rider_(Danny_Ketch)	Ghost_Rider_(Johnny_Blaze)	2008
Ghost_Rider_(Danny_Ketch)	Spider-Man	2008
Ghost_Rider_(Johnny_Blaze)	Caretaker_(comics)	2008
Ghost_Rider_(Johnny_Blaze)	Doctor_Strange	2008
Ghost_Rider_(Johnny_Blaze)	Ghost_Rider	2008
Ghost_Rider_(Johnny_Blaze)	Ghost_Rider_(Danny_Ketch)	2008
Ghost_Rider_(Johnny_Blaze)	Hulk	2008
Ghost_Rider_(Johnny_Blaze)	Spider-Man	2008
Gladiator_(Kallark)	Vulcan_(Marvel_Comics)	2008
Golem_(Marvel_Comics)	Blue_Bullet	2008
Golem_(Marvel_Comics)	Doctor_Strange	2008
Gremlin_(comics)	Hulk	2008
Guardian_(Marvel_Comics)	Vindicator_(comics)	2008
Guardsman_(character)	Hybrid_(Scott_Washington)	2008
Hulkling	Hank_Pym	2008
Hybrid_(Scott_Washington)	Vance_Astrovik	2008
Iron_Fist_(character)	Doctor_Strange	2008
Isaiah_Bradley	Storm_(Marvel_Comics)	2008
Jean_Grey	Betsy_Braddock	2008
Jean_Grey	Storm_(Marvel_Comics)	2008
Jean_Grey	Wolverine_(character)	2008
John_Jameson_(character)	Human_Torch	2008
Jubilee_(character)	Storm_(Marvel_Comics)	2008
Karnak_(character)	Black_Panther_(character)	2008
Killpower	Motormouth_(comics)	2008
Luke_Cage	Bill_Foster_(character)	2008
Luke_Cage	Jericho_Drumm	2008
Luke_Cage	Storm_(Marvel_Comics)	2008
Machine_Man	Vance_Astrovik	2008
Marvel_Boy_(Robert_Grayson)	Black_Knight_(Marvel_Comics)	2008
Misty_Knight	Iron_Fist_(character)	2008
Moon_Knight	Doctor_Strange	2008
Moon_Knight	Luke_Cage	2008
Moon_Knight	Paladin_(comics)	2008
Moondragon	Patsy_Walker	2008
Morbius	Doctor_Strange	2008
Morbius	Ghost_Rider_(Johnny_Blaze)	2008
Morbius	Man-Thing	2008
Morbius	Werewolf_by_Night	2008
Motormouth_(comics)	Doctor_Strange	2008
Motormouth_(comics)	Killpower	2008
Nightmask	Star_Brand	2008
Noh-Varr	Black_Bolt	2008
Noh-Varr	Doctor_Strange	2008
Noh-Varr	Hulkling	2008
Nova_(Richard_Rider)	Spider-Man	2008
Paladin_(comics)	Misty_Knight	2008
Paladin_(comics)	Moon_Knight	2008
Paladin_(comics)	Tarantula_(Marvel_Comics)	2008
Phoenix_Force	Cyclops_(Marvel_Comics)	2008
Phoenix_Force	Spider-Man	2008
Phyla-Vell	Star-Lord	2008
Rachel_Summers	Korvus	2008
Rachel_Summers	Storm_(Marvel_Comics)	2008
Raza_Longknife	Ch'od	2008
Rocket_Raccoon	Star-Lord	2008
Rom_the_Space_Knight	Hulk	2008
Ronin_(Marvel_Comics)	Moon_Knight	2008
Ronin_(Marvel_Comics)	Spider-Man	2008
Rusty_Collins	Cable_(character)	2008
Rusty_Collins	Leech_(character)	2008
Sabra_(character)	Arabian_Knight_(character)	2008
Sabra_(character)	Union_Jack_(Joseph_Chapman)	2008
Scarlet_Scarab	Human_Torch_(android)	2008
Scarlet_Witch	Whizzer_(Robert_Frank)	2008
Shamrock_(comics)	Arabian_Knight_(character)	2008
Shamrock_(comics)	Black_Panther_(character)	2008
Shamrock_(comics)	Iron_Fist_(character)	2008
Shamrock_(comics)	Sabra_(character)	2008
Shamrock_(comics)	Storm_(Marvel_Comics)	2008
Shang-Chi	Iron_Fist_(character)	2008
Shang-Chi	Tarantula_(Marvel_Comics)	2008
She-Hulk	Doctor_Strange	2008
She-Hulk	Hercules_(Marvel_Comics)	2008
Skull_the_Slayer	Doctor_Druid	2008
Solo_(Marvel_Comics)	Battlestar_(character)	2008
Solo_(Marvel_Comics)	Typeface_(character)	2008
Speed_(character)	Hulkling	2008
Star-Lord	Rocket_Raccoon	2008
Starr_the_Slayer	Star_Brand	2008
Storm_(Marvel_Comics)	Blade_(character)	2008
Tarantula_(Marvel_Comics)	Will_o'_the_Wisp_(comics)	2008
Thunderbolt_(Marvel_Comics)	Iron_Fist_(character)	2008
Thunderbolt_(Marvel_Comics)	Luke_Cage	2008
Typeface_(character)	Robbie_Baldwin	2008
Union_Jack_(Joseph_Chapman)	Arabian_Knight_(character)	2008
Union_Jack_(Joseph_Chapman)	Human_Torch_(android)	2008
Union_Jack_(Joseph_Chapman)	Sabra_(character)	2008
Union_Jack_(Joseph_Chapman)	Spitfire_(character)	2008
Union_Jack_(Joseph_Chapman)	Union_Jack_(Marvel_Comics)	2008
Venom_(character)	Ghost_Rider	2008
Vulcan_(Marvel_Comics)	Ch'od	2008
Vulcan_(Marvel_Comics)	Korvus	2008
Vulcan_(Marvel_Comics)	Raza_Longknife	2008
Werewolf_by_Night	Frankenstein's_Monster_(Marvel_Comics)	2008
Werewolf_by_Night	Man-Thing	2008
Werewolf_by_Night	Morbius	2008
White_Tiger_(Heroes_for_Hire)	Iron_Fist_(character)	2008
White_Tiger_(comics)	Iron_Fist_(character)	2008
Whizzer_(Robert_Frank)	Quicksilver_(Marvel_Comics)	2008
Whizzer_(Robert_Frank)	Scarlet_Witch	2008
Will_o'_the_Wisp_(comics)	She-Hulk	2008
Wolverine_(Ultimate_Marvel_character)	Wolverine_(character)	2008
Wolverine_(character)	Scarlet_Witch	2008
Wolverine_(character)	Storm_(Marvel_Comics)	2008
Wolverine_(character)	Vindicator_(comics)	2008
Xorn	Doctor_Strange	2008
Xorn	Spider-Man	2008
Zombie_(comics)	Blade_(character)	2008
Zombie_(comics)	Jericho_Drumm	2008
Zombie_(comics)	Man-Thing	2008
Adam_Warlock	Quasar_(character)	2009
Adam_Warlock	Star-Lord	2009
Ajak	Hercules_(Marvel_Comics)	2009
Anole_(character)	Rockslide_(character)	2009
Anya_Corazon	Machine_Man	2009
Arabian_Knight_(character)	Union_Jack_(Joseph_Chapman)	2009
Betsy_Braddock	Quicksilver_(Marvel_Comics)	2009
Bill_Foster_(character)	Mockingbird_(Marvel_Comics)	2009
Bill_Foster_(character)	Moon_Knight	2009
Bill_Foster_(character)	Quasar_(character)	2009
Black_Bolt	Gorgon_(Inhuman)	2009
Black_Bolt	Vulcan_(Marvel_Comics)	2009
Black_Cat_(Marvel_Comics)	Hulk	2009
Black_Marvel	Whizzer_(Robert_Frank)	2009
Black_Panther_(character)	Deadpool	2009
Blade_(character)	Spitfire_(character)	2009
Blazing_Skull	Ghost_Rider_(Johnny_Blaze)	2009
Blazing_Skull	Quasar_(character)	2009
Blazing_Skull	She-Hulk	2009
Blue_Bullet	Doctor_Nemesis	2009
Blue_Bullet	Golem_(Marvel_Comics)	2009
Bug_(Marvel_Comics)	Genis-Vell	2009
Bug_(Marvel_Comics)	Star-Lord	2009
Cable_(character)	Wolverine_(character)	2009
Captain_Marvel_(Khn'nr)	Captain_Marvel_(Marvel_Comics)	2009
Captain_Marvel_(Khn'nr)	Noh-Varr	2009
Captain_Marvel_(Marvel_Comics)	Captain_Marvel_(Khn'nr)	2009
Captain_Marvel_(Marvel_Comics)	Quasar_(character)	2009
Captain_Universe	Quasar_(character)	2009
Cloak_and_Dagger_(characters)	Morbius	2009
Cloak_and_Dagger_(characters)	Nightwatch_(character)	2009
Deathlok	Quasar_(character)	2009
Debrii	Vance_Astrovik	2009
Delroy_Garrett	Thor_Girl	2009
Devil_Dinosaur	Paladin_(comics)	2009
Doctor_Spectrum	Doctor_Strange	2009
Doctor_Spectrum	Quasar_(character)	2009
Dragon_Lord_(character)	Delroy_Garrett	2009
Elsa_Bloodstone	Fin_Fang_Foom	2009
Elsa_Bloodstone	Machine_Man	2009
Emma_Frost	Cable_(character)	2009
Emma_Frost	Storm_(Marvel_Comics)	2009
Fandral	Balder_the_Brave	2009
Fandral	Hulk	2009
Fin_Fang_Foom	War_Machine	2009
Firebird_(Marvel_Comics)	Moon_Knight	2009
Firebird_(Marvel_Comics)	Moondragon	2009
Firebird_(Marvel_Comics)	Patsy_Walker	2009
Firelord_(character)	Hercules_(Marvel_Comics)	2009
Frankenstein's_Monster_(Marvel_Comics)	John_Jameson_(character)	2009
Frankenstein's_Monster_(Marvel_Comics)	Spider-Man	2009
Frankenstein's_Monster_(Marvel_Comics)	Ulysses_Bloodstone	2009
Franklin_Richards_(character)	Phoenix_Force	2009
Gauntlet_(Joseph_Green)	Hank_Pym	2009
Ghost_Rider_(Danny_Ketch)	Machine_Man	2009
Gremlin_(comics)	Rom_the_Space_Knight	2009
Guardsman_(character)	Quasar_(character)	2009
Hellion_(character)	Anole_(character)	2009
Hellion_(character)	Hulk	2009
Hellion_(character)	Rachel_Summers	2009
Hellion_(character)	Rockslide_(character)	2009
Hercules_(Marvel_Comics)	Ajak	2009
Hercules_(Marvel_Comics)	Ares_(Marvel_Comics)	2009
Hulk	Gargoyle_(comics)	2009
Hulk	Hercules_(Marvel_Comics)	2009
Hulkling	Captain_Marvel_(Khn'nr)	2009
Hulkling	Cloak_and_Dagger_(characters)	2009
Human_Torch_(android)	Whizzer_(Robert_Frank)	2009
Hyperion_(character)	Makkari_(character)	2009
Hyperion_(character)	Quasar_(character)	2009
Ikaris	Makkari_(character)	2009
Jack_Frost_(Marvel_Comics)	Human_Torch_(android)	2009
Jessica_Jones	Spider-Woman_(Jessica_Drew)	2009
John_Jameson_(character)	Star_Brand	2009
Jubilee_(character)	Jean_Grey	2009
Justice_(New_Universe)	Hulk_2099	2009
Justice_(New_Universe)	Quasar_(character)	2009
Justice_(New_Universe)	Starr_the_Slayer	2009
Karnak_(character)	Human_Torch	2009
Killraven	Shang-Chi	2009
Kismet_(Marvel_Comics)	Hercules_(Marvel_Comics)	2009
Kismet_(Marvel_Comics)	Hyperion_(character)	2009
Kismet_(Marvel_Comics)	Moondragon	2009
Kismet_(Marvel_Comics)	Quasar_(character)	2009
Korvus	Vulcan_(Marvel_Comics)	2009
Leech_(character)	Man-Thing	2009
Machine_Man	Hulk	2009
Mahr_Vehl	Genis-Vell	2009
Makkari_(character)	Quasar_(character)	2009
Misty_Knight	Spider-Man	2009
Mockingbird_(Marvel_Comics)	Man-Thing	2009
Mockingbird_(Marvel_Comics)	Spider-Man	2009
Mockingbird_(Marvel_Comics)	War_Machine	2009
Moondragon	Quasar_(character)	2009
Morbius	Human_Torch	2009
Morbius	Jericho_Drumm	2009
Nightmask	Starr_the_Slayer	2009
Noh-Varr	Captain_Marvel_(Khn'nr)	2009
Nova_(Richard_Rider)	Darkhawk	2009
Nova_(Richard_Rider)	Powerhouse_(Marvel_Comics)	2009
Nova_(Richard_Rider)	Quasar_(character)	2009
Nova_(Richard_Rider)	Rom_the_Space_Knight	2009
Nova_(Richard_Rider)	Star-Lord	2009
Outlaw_(Marvel_Comics)	Agent_X_(Marvel_Comics)	2009
Paladin_(comics)	Spider-Man	2009
Phoenix_Force	Korvus	2009
Phyla-Vell	Adam_Warlock	2009
Phyla-Vell	Quasar_(character)	2009
Puck_(Marvel_Comics)	Guardian_(Marvel_Comics)	2009
Puck_(Marvel_Comics)	Hulk	2009
Puck_(Marvel_Comics)	Vindicator_(comics)	2009
Quasar_(character)	Phyla-Vell	2009
Radioactive_Man_(comics)	Black_Knight_(Marvel_Comics)	2009
Radioactive_Man_(comics)	Black_Panther_(character)	2009
Radioactive_Man_(comics)	Eddie_Brock	2009
Radioactive_Man_(comics)	Spider-Man	2009
Red_Guardian	Hulk	2009
Redneck_(comics)	Turbo_(comics)	2009
Robbie_Baldwin	Hulk	2009
Rocket_Raccoon	Quasar_(character)	2009
Rockman_(character)	The_Witness_(character)	2009
Ruby_Summers	Cyclops_(Marvel_Comics)	2009
Ruby_Summers	Emma_Frost	2009
Scarlet_Witch	She-Hulk	2009
Scarlet_Witch	Spider-Man	2009
Sentry_(Robert_Reynolds)	Ares_(Marvel_Comics)	2009
Shang-Chi	Misty_Knight	2009
She-Hulk	Abomination_(character)	2009
She-Hulk	Morbius	2009
Skull_the_Slayer	Quasar_(character)	2009
Speed_(character)	Doctor_Strange	2009
Spider-Woman_(Jessica_Drew)	Bill_Foster_(character)	2009
Spitfire_(character)	Blade_(character)	2009
Spitfire_(character)	Union_Jack_(Joseph_Chapman)	2009
Star_Brand	Quasar_(character)	2009
Starhawk_(character)	Quasar_(character)	2009
Starr_the_Slayer	Justice_(New_Universe)	2009
Starr_the_Slayer	Nightmask	2009
Storm_(Marvel_Comics)	Emma_Frost	2009
Thor_Girl	Delroy_Garrett	2009
Thor_Girl	Hulk	2009
Ulysses_Bloodstone	She-Hulk	2009
Union_Jack_(Marvel_Comics)	Union_Jack_(Joseph_Chapman)	2009
Vance_Astrovik	Debrii	2009
Wolverine_(character)	Iron_Fist_(character)	2009
Abomination_(character)	Hercules_(Marvel_Comics)	2010
Anole_(character)	Hulkling	2010
Beta_Ray_Bill	Adam_Warlock	2010
Beta_Ray_Bill	Rom_the_Space_Knight	2010
Betsy_Braddock	Phoenix_Force	2010
Betsy_Braddock	Spider-Man	2010
Black_Bolt	Human_Torch	2010
Black_Bolt	Kristoff_Vernard	2010
Black_Bolt	Spider-Man	2010
Black_Cat_(Marvel_Comics)	Blade_(character)	2010
Black_Cat_(Marvel_Comics)	Wolverine_(character)	2010
Black_Panther_(character)	Doctor_Strange	2010
Black_Widow_(Natasha_Romanova)	Spider-Man	2010
Black_Widow_(Natasha_Romanova)	Yelena_Belova	2010
Bug_(Marvel_Comics)	Rocket_Raccoon	2010
Captain_Marvel_(Marvel_Comics)	Noh-Varr	2010
Captain_Universe	Starhawk_(character)	2010
Ch'od	Rocket_Raccoon	2010
Cloak_and_Dagger_(characters)	Eddie_Brock	2010
Darkhawk	Nova_(Richard_Rider)	2010
Doctor_Nemesis	Human_Torch_(android)	2010
Doctor_Strange	Jericho_Drumm	2010
Eddie_Brock	Quasar_(character)	2010
Emma_Frost	Anole_(character)	2010
Emma_Frost	Black_Bolt	2010
Emma_Frost	Cloak_and_Dagger_(characters)	2010
Emma_Frost	Phoenix_Force	2010
Emma_Frost	Spider-Man	2010
Frankenstein's_Monster_(Marvel_Comics)	Werewolf_by_Night	2010
Ghost_Rider	Phoenix_Force	2010
Ghost_Rider_(Danny_Ketch)	Hulk	2010
Hank_Pym	Doctor_Strange	2010
Hercules_(Marvel_Comics)	Abomination_(character)	2010
Hercules_(Marvel_Comics)	Balder_the_Brave	2010
Hercules_(Marvel_Comics)	Captain_Marvel_(Marvel_Comics)	2010
Hercules_(Marvel_Comics)	Red_Wolf_(comics)	2010
Hercules_(Marvel_Comics)	She-Hulk	2010
Hercules_(Marvel_Comics)	Spider-Man	2010
Hulk	She-Hulk_(Lyra)	2010
Isaiah_Bradley	Bill_Foster_(character)	2010
Isaiah_Bradley	Delroy_Garrett	2010
Jessica_Jones	Iron_Fist_(character)	2010
Kismet_(Marvel_Comics)	Hulk	2010
Korvus	Rachel_Summers	2010
Leech_(character)	Shatterstar	2010
Marvel_Boy_(Robert_Grayson)	Quasar_(character)	2010
Misty_Knight	Paladin_(comics)	2010
Misty_Knight	Phoenix_Force	2010
Misty_Knight	Shang-Chi	2010
Misty_Knight	Tarantula_(Marvel_Comics)	2010
Moondragon	Doctor_Strange	2010
Noh-Varr	Ares_(Marvel_Comics)	2010
Noh-Varr	Captain_Marvel_(Marvel_Comics)	2010
Quicksilver_(Marvel_Comics)	Whizzer_(Robert_Frank)	2010
Rachel_Summers	Gladiator_(Kallark)	2010
Rachel_Summers	Phoenix_Force	2010
Radioactive_Man_(comics)	Moon_Knight	2010
Raza_Longknife	Hercules_(Marvel_Comics)	2010
Raza_Longknife	Rachel_Summers	2010
Red_Wolf_(comics)	Delroy_Garrett	2010
Red_Wolf_(comics)	Doctor_Strange	2010
Red_Wolf_(comics)	Firebird_(Marvel_Comics)	2010
Red_Wolf_(comics)	Hulk	2010
Red_Wolf_(comics)	War_Machine	2010
Rocket_Raccoon	Ch'od	2010
Rocket_Raccoon	Vulcan_(Marvel_Comics)	2010
Sabra_(character)	She-Hulk	2010
She-Hulk	Ravage_2099	2010
She-Hulk	She-Hulk_(Lyra)	2010
She-Hulk	Wolverine_(character)	2010
She-Hulk_(Lyra)	Hulk	2010
She-Hulk_(Lyra)	Sentry_(Robert_Reynolds)	2010
She-Hulk_(Lyra)	She-Hulk	2010
Solo_(Marvel_Comics)	Ghost_Rider_(Danny_Ketch)	2010
Spitfire_(character)	Blue_Bullet	2010
Stingray_(Marvel_Comics)	Gorgon_(Inhuman)	2010
Stingray_(Marvel_Comics)	Hulk	2010
Stingray_(Marvel_Comics)	Karnak_(character)	2010
Stingray_(Marvel_Comics)	Quasar_(character)	2010
Thin_Man_(character)	Jeffrey_Mace	2010
Turbo_(comics)	Phil_Urich	2010
U.S._Agent	Guardsman_(character)	2010
U.S._Agent	Union_Jack_(Joseph_Chapman)	2010
Ursa_Major_(character)	War_Machine	2010
Vance_Astrovik	Guardsman_(character)	2010
Vulcan_(Marvel_Comics)	Black_Bolt	2010
War_Machine	Cable_(character)	2010
War_Machine	Deathlok	2010
War_Machine	Radioactive_Man_(comics)	2010
Werewolf_by_Night	Deadpool	2010
Werewolf_by_Night	Doctor_Strange	2010
Werewolf_by_Night	Ghost_Rider_(Johnny_Blaze)	2010
Werewolf_by_Night	Hulk	2010
Werewolf_by_Night	Jericho_Drumm	2010
Werewolf_by_Night	John_Jameson_(character)	2010
Werewolf_by_Night	Spider-Woman_(Jessica_Drew)	2010
Yelena_Belova	Black_Widow_(Natasha_Romanova)	2010
Yelena_Belova	Sentry_(Robert_Reynolds)	2010
Zombie_(comics)	Deadpool	2010
Abomination_(character)	Gargoyle_(comics)	2011
Anya_Corazon	Rikki_Barnes	2011
Ares_(Marvel_Comics)	Balder_the_Brave	2011
Ares_(Marvel_Comics)	Sentry_(Robert_Reynolds)	2011
Backhand_(character)	Vyking	2011
Balder_the_Brave	Fandral	2011
Betsy_Braddock	Deadpool	2011
Blackthorn_(character)	Radian_(Morituri)	2011
Blue_Marvel	Hyperion_(character)	2011
Bucky_(Marvel_Comics)	Rikki_Barnes	2011
Cloak_and_Dagger_(characters)	Alex_Wilder	2011
Cloak_and_Dagger_(characters)	Chase_Stein	2011
Cloak_and_Dagger_(characters)	Doctor_Nemesis	2011
Cloak_and_Dagger_(characters)	Hulk	2011
Deadpool	Black_Widow_(Natasha_Romanova)	2011
Devil_Dinosaur	Deadpool	2011
Doctor_Nemesis	Hank_Pym	2011
Doctor_Strange	Luke_Cage	2011
Enigma_(Marvel_Comics)	Spider-Man	2011
Fin_Fang_Foom	Sentry_(Robert_Reynolds)	2011
Firebird_(Marvel_Comics)	Black_Widow_(Natasha_Romanova)	2011
Frankenstein's_Monster_(Marvel_Comics)	Ghost_Rider_(Johnny_Blaze)	2011
Golem_(Marvel_Comics)	Doctor_Nemesis	2011
Hank_Pym	Firebird_(Marvel_Comics)	2011
Hercules_(Marvel_Comics)	Black_Widow_(Natasha_Romanova)	2011
Hercules_(Marvel_Comics)	Firelord_(character)	2011
Hit-Monkey	Deadpool	2011
Human_Torch_(android)	Black_Widow_(Natasha_Romanova)	2011
Hyperion_(character)	Blue_Marvel	2011
Hyperion_(character)	Luke_Cage	2011
Iron_Fist_(character)	Jessica_Jones	2011
Iron_Man_(Ultimate_Marvel_character)	Black_Widow_(Natasha_Romanova)	2011
Iron_Man_(Ultimate_Marvel_character)	Hulk	2011
Iron_Man_(Ultimate_Marvel_character)	War_Machine	2011
Jessica_Jones	She-Hulk	2011
Jubilee_(character)	Doctor_Nemesis	2011
Karnak_(character)	Gorgon_(Inhuman)	2011
Killraven	Ravage_2099	2011
Kristoff_Vernard	Spider-Man	2011
Man-Thing	Hank_Pym	2011
Man-Thing	Morbius	2011
Man-Thing	Werewolf_by_Night	2011
Mayday_Parker	Anya_Corazon	2011
Mockingbird_(Marvel_Comics)	Black_Widow_(Natasha_Romanova)	2011
Mockingbird_(Marvel_Comics)	Doctor_Strange	2011
Mockingbird_(Marvel_Comics)	Patsy_Walker	2011
Mockingbird_(Marvel_Comics)	Quicksilver_(Marvel_Comics)	2011
Mockingbird_(Marvel_Comics)	Ronin_(Marvel_Comics)	2011
Mockingbird_(Marvel_Comics)	Spider-Woman	2011
Moondragon	Black_Bolt	2011
Noh-Varr	Scarlet_Witch	2011
Noh-Varr	Spider-Man	2011
Nomad_(Marvel_Comics)	Rikki_Barnes	2011
Northstar_(character)	Hercules_(Marvel_Comics)	2011
Northstar_(character)	Puck_(Marvel_Comics)	2011
Northstar_(character)	Storm_(Marvel_Comics)	2011
Paladin_(comics)	Spider-Woman_(Jessica_Drew)	2011
Phil_Urich	Darkhawk	2011
Phil_Urich	Turbo_(comics)	2011
Rachel_Summers	Ch'od	2011
Radian_(Morituri)	Blackthorn_(character)	2011
Radian_(Morituri)	Scaredycat	2011
Radian_(Morituri)	Shear_(character)	2011
Radian_(Morituri)	Snapdragon_(Morituri)	2011
Radian_(Morituri)	Toxyn	2011
Radian_(Morituri)	Vyking	2011
Raza_Longknife	Vulcan_(Marvel_Comics)	2011
Red_Guardian	Black_Widow_(Natasha_Romanova)	2011
Rikki_Barnes	Anya_Corazon	2011
Rikki_Barnes	Nomad_(Marvel_Comics)	2011
Rockman_(character)	Black_Widow_(Natasha_Romanova)	2011
Scaredycat	Radian_(Morituri)	2011
Scaredycat	Scatterbrain_(Morituri)	2011
Scaredycat	Toxyn	2011
Scatterbrain_(Morituri)	Scaredycat	2011
Scatterbrain_(Morituri)	Toxyn	2011
Shamrock_(comics)	Deadpool	2011
Shamrock_(comics)	Rom_the_Space_Knight	2011
She-Hulk_(Lyra)	Spider-Man	2011
Shear_(character)	Backhand_(character)	2011
Shear_(character)	Radian_(Morituri)	2011
Snapdragon_(Morituri)	Blackthorn_(character)	2011
Snapdragon_(Morituri)	Radian_(Morituri)	2011
Snapdragon_(Morituri)	Vyking	2011
Spider-Woman	Black_Widow_(Natasha_Romanova)	2011
Spider-Woman	Yelena_Belova	2011
Spider-Woman_(Jessica_Drew)	Black_Widow_(Natasha_Romanova)	2011
Toxyn	Scaredycat	2011
Toxyn	Scatterbrain_(Morituri)	2011
U.S._Agent	Hank_Pym	2011
U.S._Agent	Scarlet_Witch	2011
Ursa_Major_(character)	Black_Widow_(Natasha_Romanova)	2011
Venom_(character)	John_Jameson_(character)	2011
Vyking	Backhand_(character)	2011
Vyking	Snapdragon_(Morituri)	2011
Wolverine_(Ultimate_Marvel_character)	Hulk	2011
Wolverine_(Ultimate_Marvel_character)	Jean_Grey	2011
Wolverine_(Ultimate_Marvel_character)	Storm_(Marvel_Comics)	2011
Wolverine_(character)	Deadpool	2011
Anya_Corazon	Phil_Urich	2012
Anya_Corazon	Power_Man_(Victor_Alvarez)	2012
Black_Rider_(character)	Kid_Colt	2012
Black_Rider_(character)	Tarantula_(Marvel_Comics)	2012
Black_Rider_(character)	Two-Gun_Kid	2012
Blackwulf	Hank_Pym	2012
Blade_(character)	Jubilee_(character)	2012
Captain_Ultra	Doctor_Strange	2012
Force_(comics)	Guardsman_(character)	2012
Frankenstein's_Monster_(Marvel_Comics)	Man-Thing	2012
Frankenstein's_Monster_(Marvel_Comics)	She-Hulk	2012
Frog-Man	Jessica_Jones	2012
Guardsman_(character)	Force_(comics)	2012
Hulk	Jean_Grey	2012
Hybrid_(Scott_Washington)	Guardsman_(character)	2012
Iron_Fist_(character)	Power_Man_(Victor_Alvarez)	2012
Iron_Lad	Scarlet_Witch	2012
Jessica_Jones	Doctor_Strange	2012
Junior_Juniper	Jean_Grey	2012
Living_Lightning	Quasar_(character)	2012
Machine_Man	Arabian_Knight_(character)	2012
Oya_(comics)	Storm_(Marvel_Comics)	2012
Power_Man_(Victor_Alvarez)	Anya_Corazon	2012
Power_Man_(Victor_Alvarez)	Iron_Fist_(character)	2012
Power_Man_(Victor_Alvarez)	Luke_Cage	2012
Rachel_Summers	Deadpool	2012
Rachel_Summers	Spider-Man	2012
Rom_the_Space_Knight	Captain_Marvel_(Marvel_Comics)	2012
Rom_the_Space_Knight	Storm_(Marvel_Comics)	2012
Ronin_(Marvel_Comics)	Red_Guardian	2012
Satana_(Marvel_Comics)	Man-Thing	2012
Shamrock_(comics)	Doctor_Druid	2012
Shatterstar	Hrimhari	2012
She-Hulk	Spider-Woman	2012
Silencer_(comics)	Mockingbird_(Marvel_Comics)	2012
Spider-Man	Venom_(character)	2012
Spider-Woman	Luke_Cage	2012
Spider-Woman_(Jessica_Drew)	Luke_Cage	2012
Storm_(Marvel_Comics)	Doctor_Strange	2012
Tarantula_(Marvel_Comics)	Agent_X_(Marvel_Comics)	2012
Two-Gun_Kid	Black_Rider_(character)	2012
Two-Gun_Kid	Tarantula_(Marvel_Comics)	2012
Adam_Warlock	Genis-Vell	2013
Arabian_Knight_(character)	Machine_Man	2013
Black_Panther_(character)	Shuri_(character)	2013
Captain_Marvel_(Marvel_Comics)	Nova_(Richard_Rider)	2013
Doctor_Nemesis	Bill_Foster_(character)	2013
Doctor_Nemesis	Spider-Man	2013
Eddie_Brock	Cloak_and_Dagger_(characters)	2013
Eddie_Brock	Morbius	2013
Frankenstein's_Monster_(Marvel_Comics)	Human_Torch_(android)	2013
Frankenstein's_Monster_(Marvel_Comics)	Toro_(character)	2013
Gargoyle_(comics)	Frog-Man	2013
Ghost_Rider	Firelord_(character)	2013
Gladiator_(Kallark)	Nova_(Richard_Rider)	2013
Iron_Fist_(character)	Lei_Kung_(character)	2013
Korvus	Nova_(Richard_Rider)	2013
Lei_Kung_(character)	Iron_Fist_(character)	2013
Morbius	She-Hulk	2013
Phoenix_Force	Hank_Pym	2013
Phyla-Vell	Nova_(Richard_Rider)	2013
Powerhouse_(Marvel_Comics)	Nova_(Richard_Rider)	2013
Puck_(Marvel_Comics)	Storm_(Marvel_Comics)	2013
Quasar_(character)	Nova_(Richard_Rider)	2013
Radioactive_Man_(comics)	Shuri_(character)	2013
Red_Guardian	Ronin_(Marvel_Comics)	2013
Red_Raven_(Marvel_Comics)	Nova_(Richard_Rider)	2013
Rikki_Barnes	Toro_(character)	2013
Robbie_Baldwin	Nova_(Richard_Rider)	2013
Scarlet_Witch	Phoenix_Force	2013
Scarlet_Witch	Spider-Woman_(Jessica_Drew)	2013
Shuri_(character)	Black_Knight_(Marvel_Comics)	2013
Shuri_(character)	Black_Panther_(character)	2013
Shuri_(character)	Black_Widow_(Natasha_Romanova)	2013
Shuri_(character)	Radioactive_Man_(comics)	2013
Shuri_(character)	Spider-Man	2013
Shuri_(character)	Storm_(Marvel_Comics)	2013
Solo_(Marvel_Comics)	Nova_(Richard_Rider)	2013
Star-Lord	Nova_(Richard_Rider)	2013
Starhawk_(character)	Black_Bolt	2013
Starhawk_(character)	Moondragon	2013
Starhawk_(character)	Star-Lord	2013
Turbo_(comics)	Nova_(Richard_Rider)	2013
Venom_(character)	Iron_Fist_(character)	2013
Venom_(character)	Luke_Cage	2013
Anya_Corazon	Ms._Marvel	2014
Anya_Corazon	Spider-Woman_(Jessica_Drew)	2014
Blue_Marvel	Luke_Cage	2014
Cable_(character)	Doctor_Nemesis	2014
Cable_(character)	Shatterstar	2014
Cammi_(character)	Chase_Stein	2014
Cammi_(character)	Darkhawk	2014
Cammi_(character)	Nova_(Richard_Rider)	2014
Captain_Marvel_(Marvel_Comics)	Hank_Pym	2014
Captain_Marvel_(Marvel_Comics)	Ms._Marvel	2014
Captain_Universe	Nightmask	2014
Ch'od	Ms._Marvel	2014
Chase_Stein	Darkhawk	2014
Cloak_and_Dagger_(characters)	Anole_(character)	2014
Cloak_and_Dagger_(characters)	Black_Widow_(Natasha_Romanova)	2014
Cloak_and_Dagger_(characters)	Emma_Frost	2014
Cloak_and_Dagger_(characters)	Moon_Knight	2014
Darkhawk	Chase_Stein	2014
Dusk_(comics)	Ms._Marvel	2014
Elsa_Bloodstone	Misty_Knight	2014
Emma_Frost	Jessica_Jones	2014
Guardsman_(character)	Luke_Cage	2014
Guardsman_(character)	U.S._Agent	2014
Iron_Lad	Hulkling	2014
Isaiah_Bradley	Hulk	2014
Living_Lightning	Scarlet_Spider	2014
Machine_Man	Ms._Marvel	2014
Mark_Hazzard:_Merc	Nightmask	2014
NFL_SuperPro	Spider-Man	2014
Nightmask	Captain_Universe	2014
Noh-Varr	Ms._Marvel	2014
Nova_(Richard_Rider)	Ms._Marvel	2014
Red_Wolf_(comics)	Hercules_(Marvel_Comics)	2014
Red_Wolf_(comics)	Kid_Colt	2014
Red_Wolf_(comics)	Scarlet_Spider	2014
Red_Wolf_(comics)	Two-Gun_Kid	2014
Rockslide_(character)	Hellion_(character)	2014
Rom_the_Space_Knight	Iron_Fist_(character)	2014
Rom_the_Space_Knight	Luke_Cage	2014
Rom_the_Space_Knight	Nova_(Richard_Rider)	2014
Ronin_(Marvel_Comics)	Blade_(character)	2014
Scarlet_Witch	Ms._Marvel	2014
Scorpio_(Marvel_Comics)	Spider-Man	2014
Star-Lord	Hank_Pym	2014
Straw_Man_(comics)	Werewolf_by_Night	2014
U.S._Agent	Beta_Ray_Bill	2014
U.S._Agent	Paladin_(comics)	2014
U.S._Agent	Thin_Man_(character)	2014
Venom_(character)	Ms._Marvel	2014
Wolverine_(Ultimate_Marvel_character)	Cable_(character)	2014
Betsy_Braddock	Anole_(character)	2015
Betsy_Braddock	Doctor_Nemesis	2015
Betsy_Braddock	Hellion_(character)	2015
Betsy_Braddock	Puck_(Marvel_Comics)	2015
Betsy_Braddock	Rockslide_(character)	2015
Betsy_Braddock	Wolverine_(character)	2015
Black_Widow_(Natasha_Romanova)	Wolverine_(character)	2015
Blade_(character)	Ronin_(Marvel_Comics)	2015
Blue_Marvel	Hulk	2015
Blue_Marvel	Sentry_(Robert_Reynolds)	2015
Bob,_Agent_of_Hydra	Wolverine_(character)	2015
Chase_Stein	Wolverine_(character)	2015
Cyclops_(Marvel_Comics)	Wolverine_(character)	2015
Deadpool	Wolverine_(character)	2015
Emma_Frost	Sentry_(Robert_Reynolds)	2015
Emma_Frost	Wolverine_(character)	2015
Firebird_(Marvel_Comics)	Deadpool	2015
Firebird_(Marvel_Comics)	Delroy_Garrett	2015
Firebird_(Marvel_Comics)	Scarlet_Spider	2015
Garrison_Kane	Wolverine_(character)	2015
Ghost_Rider_(Danny_Ketch)	Wolverine_(character)	2015
Guardian_(Marvel_Comics)	Wolverine_(character)	2015
Hornet_(comics)	Wolverine_(character)	2015
Hulk	Deadpool	2015
Hulk	Wolverine_(character)	2015
Hulkling	Wolverine_(character)	2015
Human_Torch_(android)	Bucky_(Marvel_Comics)	2015
Iron_Fist_(character)	Wolverine_(character)	2015
Iron_Lad	Wolverine_(character)	2015
Isaiah_Bradley	Wolverine_(character)	2015
Janice_Lincoln	Spider-Man	2015
Jericho_Drumm	Scarlet_Witch	2015
Jessica_Jones	Blue_Marvel	2015
Jubilee_(character)	Wolverine_(character)	2015
Junior_Juniper	Wolverine_(character)	2015
Killpower	Hulk	2015
Machine_Man	Ghost_Rider_(Danny_Ketch)	2015
Moon_Knight	Wolverine_(character)	2015
Morbius	Wolverine_(character)	2015
Ms._Marvel	Captain_Marvel_(Marvel_Comics)	2015
Nightwatch_(character)	She-Hulk	2015
Noh-Varr	Wolverine_(character)	2015
Northstar_(character)	Wolverine_(character)	2015
Oya_(comics)	Wolverine_(character)	2015
Patsy_Walker	She-Hulk	2015
Powerhouse_(Marvel_Comics)	Wolverine_(character)	2015
Puck_(Marvel_Comics)	Wolverine_(character)	2015
Rachel_Summers	Wolverine_(character)	2015
Ricochet_(comics)	Wolverine_(character)	2015
Rom_the_Space_Knight	Wolverine_(character)	2015
Scorpio_(Marvel_Comics)	Wolverine_(character)	2015
She-Hulk_(Lyra)	Wolverine_(character)	2015
Shuri_(character)	Wolverine_(character)	2015
Star-Lord	Wolverine_(character)	2015
Storm_(Marvel_Comics)	Wolverine_(character)	2015
Venom_(character)	Wolverine_(character)	2015
Vindicator_(comics)	Wolverine_(character)	2015
Wild_Child_(character)	Wolverine_(character)	2015
Xorn	Wolverine_(character)	2015
Bill_Foster_(character)	Iron_Fist_(character)	2016
Captain_Universe	Deadpool	2016
Deathlok	Iron_Man_2020	2016
Doctor_Spectrum	Black_Panther_(character)	2016
Doctor_Spectrum	Jericho_Drumm	2016
Flatman_(character)	Mockingbird_(Marvel_Comics)	2016
Guardsman_(character)	War_Machine	2016
Hit-Monkey	Spider-Man	2016
Inferno_(Dante_Pertuz)	Black_Bolt	2016
Inferno_(Dante_Pertuz)	Gorgon_(Inhuman)	2016
Inferno_(Dante_Pertuz)	Karnak_(character)	2016
Iron_Man_(Ultimate_Marvel_character)	Spider-Man	2016
Karnak_(character)	Moon_Knight	2016
Magician_(Marvel_Comics)	Hank_Pym	2016
Magician_(Marvel_Comics)	Jean_Grey	2016
Mayday_Parker	Spider-Man_Noir	2016
Mayday_Parker	Wolverine_(character)	2016
Noh-Varr	Spider-Woman_(Jessica_Drew)	2016
Nova_(Richard_Rider)	Blade_(character)	2016
Patsy_Walker	Jessica_Jones	2016
Red_Raven_(Marvel_Comics)	Black_Bolt	2016
Robbie_Baldwin	Radioactive_Man_(comics)	2016
Robbie_Baldwin	Steel_Spider	2016
Robbie_Baldwin	Wolverine_(character)	2016
Scarlet_Witch	Jericho_Drumm	2016
Scarlet_Witch	Wolverine_(character)	2016
Silk_(character)	Spider-Man	2016
Solo_(Marvel_Comics)	Deadpool	2016
Spider-Man_Noir	Spider-Man	2016
Spider-Woman	Silk_(character)	2016
Spider-Woman	Spider-Woman_(Gwen_Stacy)	2016
Spider-Woman_(Gwen_Stacy)	Anya_Corazon	2016
Spider-Woman_(Gwen_Stacy)	Spider-Man	2016
Spider-Woman_(Gwen_Stacy)	Spider-Woman	2016
Spider-Woman_(Jessica_Drew)	Silk_(character)	2016
Star-Lord	Doctor_Strange	2016
Stingray_(Marvel_Comics)	Deadpool	2016
Stingray_(Marvel_Comics)	Iron_Man_2020	2016
Surge_(Marvel_Comics)	Wolverine_(character)	2016
Union_Jack_(Marvel_Comics)	Blazing_Skull	2016
Whizzer_(Robert_Frank)	Black_Marvel	2016
Whizzer_(Robert_Frank)	Deadpool	2016
Whizzer_(Robert_Frank)	Human_Torch_(android)	2016
Adam_Warlock	Gladiator_(Kallark)	2017
Black_Cat_(Marvel_Comics)	Spider-Man_Noir	2017
Black_Panther_(character)	Deathlok	2017
Darkhawk	Black_Bolt	2017
Darkhawk	Quasar_(character)	2017
Debrii	Thor_Girl	2017
Doctor_Strange	Black_Widow_(Natasha_Romanova)	2017
Doom_2099	Black_Panther_(character)	2017
Eddie_Brock	John_Jameson_(character)	2017
Emrys_Killebrew	Deadpool	2017
Fabio_Medina	Spider-Man	2017
Frog-Man	Thor_Girl	2017
Gwenpool	Deadpool	2017
Gwenpool	Doctor_Strange	2017
Gwenpool	She-Hulk	2017
Gwenpool	Spider-Woman_(Gwen_Stacy)	2017
Kristoff_Vernard	She-Hulk	2017
Moon_Knight	Deadpool	2017
Moon_Knight	Iron_Fist_(character)	2017
Patsy_Walker	Hank_Pym	2017
Patsy_Walker	Kristoff_Vernard	2017
Patsy_Walker	Scarlet_Witch	2017
Shang-Chi	Black_Panther_(character)	2017
Shang-Chi	Doctor_Strange	2017
Spider-Woman_(Gwen_Stacy)	Gwenpool	2017
Spider-Woman_(Gwen_Stacy)	Peggy_Carter	2017
Spider-Woman_(Gwen_Stacy)	Silk_(character)	2017
Spider-Woman_(Gwen_Stacy)	Spider-Man_Noir	2017
Spider-Woman_(Gwen_Stacy)	Spider-Woman_(Jessica_Drew)	2017
Anole_(character)	Cyclops_(Marvel_Comics)	2018
Ares_(Marvel_Comics)	Outlaw_(Marvel_Comics)	2018
Betsy_Braddock	Cyclops_(Marvel_Comics)	2018
Blade_(character)	Gwenpool	2018
Bucky_(Marvel_Comics)	Franklin_Richards_(character)	2018
Bucky_(Marvel_Comics)	Jack_Monroe_(character)	2018
Cable_(character)	Cyclops_(Marvel_Comics)	2018
Crane_Mother	Iron_Fist_(character)	2018
Devil_Dinosaur	Doctor_Strange	2018
Devil_Dinosaur	Karnak_(character)	2018
Doctor_Strange	Gwenpool	2018
Emma_Frost	Shang-Chi	2018
Empath_(character)	Cyclops_(Marvel_Comics)	2018
Firebird_(Marvel_Comics)	Franklin_Richards_(character)	2018
Gauntlet_(Joseph_Green)	Hulk	2018
Ghost_Rider	Star_Brand	2018
Gwenpool	Abomination_(character)	2018
Gwenpool	Blade_(character)	2018
Gwenpool	Moon_Knight	2018
Gwenpool	Rocket_Raccoon	2018
Gwenpool	Spider-Man	2018
Gwenpool	Wolverine_(character)	2018
Hit-Monkey	Jubilee_(character)	2018
Human_Torch	Franklin_Richards_(character)	2018
Iron_Fist_(character)	Crane_Mother	2018
Jack_Monroe_(character)	Hank_Pym	2018
Jack_Monroe_(character)	Nomad_(Marvel_Comics)	2018
Jack_Monroe_(character)	William_Burnside_(character)	2018
Jean_Grey	Cyclops_(Marvel_Comics)	2018
Jubilee_(character)	Cyclops_(Marvel_Comics)	2018
Jubilee_(character)	Patsy_Walker	2018
Killraven	Franklin_Richards_(character)	2018
Kristoff_Vernard	Franklin_Richards_(character)	2018
Leech_(character)	Franklin_Richards_(character)	2018
Lei_Kung_(character)	Cyclops_(Marvel_Comics)	2018
Lei_Kung_(character)	Phoenix_Force	2018
Nomad_(Marvel_Comics)	Jack_Monroe_(character)	2018
Northstar_(character)	Cyclops_(Marvel_Comics)	2018
Outlaw_(Marvel_Comics)	Cyclops_(Marvel_Comics)	2018
Oya_(comics)	Cyclops_(Marvel_Comics)	2018
Rachel_Summers	Cyclops_(Marvel_Comics)	2018
Rachel_Summers	Franklin_Richards_(character)	2018
Radioactive_Man_(comics)	Franklin_Richards_(character)	2018
Rikki_Barnes	Franklin_Richards_(character)	2018
Rusty_Collins	Cyclops_(Marvel_Comics)	2018
Scarlet_Witch	Franklin_Richards_(character)	2018
She-Hulk	Patsy_Walker	2018
Speed_(character)	Franklin_Richards_(character)	2018
Spider-Man	Spider-Man_Noir	2018
Spider-Man	Spider-UK	2018
Spider-Man	Spider-Woman_(Gwen_Stacy)	2018
Star-Lord	Jean_Grey	2018
Storm_(Marvel_Comics)	Cyclops_(Marvel_Comics)	2018
Storm_(Marvel_Comics)	Misty_Knight	2018
Typeface_(character)	Deadpool	2018
Venom_(character)	Deadpool	2018
Vulcan_(Marvel_Comics)	Cyclops_(Marvel_Comics)	2018
William_Burnside_(character)	Jack_Monroe_(character)	2018
William_Burnside_(character)	Spider-Man	2018
Xorn	Cyclops_(Marvel_Comics)	2018
Anne_Weying	Venom_(character)	2019
Anole_(character)	Northstar_(character)	2019
Anya_Corazon	Spider-Girl	2019
Battlestar_(character)	Bucky_(Marvel_Comics)	2019
Betsy_Braddock	Black_Cat_(Marvel_Comics)	2019
Betsy_Braddock	Deathlok	2019
Betsy_Braddock	Vulcan_(Marvel_Comics)	2019
Betsy_Braddock	Xorn	2019
Bill_Foster_(character)	Hercules_(Marvel_Comics)	2019
Black_Panther_(character)	Scarlet_Witch	2019
Box_(comics)	Vindicator_(comics)	2019
Cloak_and_Dagger_(characters)	Black_Cat_(Marvel_Comics)	2019
Doctor_Strange	Adam_Warlock	2019
Doctor_Strange	Star-Lord	2019
Eddie_Brock	Anne_Weying	2019
Eddie_Brock	Black_Cat_(Marvel_Comics)	2019
Frankenstein's_Monster_(Marvel_Comics)	Bucky_(Marvel_Comics)	2019
Ghost_Rider	Black_Panther_(character)	2019
Ghost_Rider	Jericho_Drumm	2019
Ghost_Rider	Killraven	2019
Ghost_Rider_(Johnny_Blaze)	Venom_(character)	2019
Gwenpool	Black_Cat_(Marvel_Comics)	2019
Human_Fly_(character)	Spider-Woman	2019
Human_Torch	Living_Lightning	2019
Hybrid_(Scott_Washington)	Venom_(character)	2019
Jack_Monroe_(character)	Bucky_(Marvel_Comics)	2019
Jericho_Drumm	Black_Cat_(Marvel_Comics)	2019
John_Jameson_(character)	Hulk	2019
Magician_(Marvel_Comics)	Wolverine_(Ultimate_Marvel_character)	2019
Mania_(character)	Venom_(character)	2019
Mayday_Parker	Black_Cat_(Marvel_Comics)	2019
Mayday_Parker	Spider-Girl	2019
Mayday_Parker	Spider-Woman	2019
Mayday_Parker	Venom_(character)	2019
Misty_Knight	Black_Panther_(character)	2019
Misty_Knight	Wolverine_(character)	2019
Morbius	Black_Cat_(Marvel_Comics)	2019
Morbius	Outlaw_(Marvel_Comics)	2019
Patsy_Walker	Black_Cat_(Marvel_Comics)	2019
Patsy_Walker	Jubilee_(character)	2019
Rikki_Barnes	Bucky_(Marvel_Comics)	2019
Robbie_Baldwin	Spider-Girl	2019
Sabra_(character)	Black_Panther_(character)	2019
Satana_(Marvel_Comics)	Black_Cat_(Marvel_Comics)	2019
Scarlet_Spider	Black_Cat_(Marvel_Comics)	2019
She-Hulk_(Lyra)	Venom_(character)	2019
Silencer_(comics)	She-Hulk	2019
Silk_(character)	Black_Cat_(Marvel_Comics)	2019
Spider-Girl	Anya_Corazon	2019
Spider-Girl	Iron_Man_2020	2019
Spider-Girl	Mayday_Parker	2019
Spider-Girl	Silk_(character)	2019
Spider-Girl	Spider-Man	2019
Spider-Man	Black_Cat_(Marvel_Comics)	2019
Spider-Man	Mayday_Parker	2019
Spider-Man	Silk_(character)	2019
Spider-Man_(Marvel_Mangaverse)	Black_Cat_(Marvel_Comics)	2019
Spider-Man_(Marvel_Mangaverse)	Spider-Man	2019
Spider-Man_(Marvel_Mangaverse)	Venom_(character)	2019
Spider-Man_Noir	Black_Cat_(Marvel_Comics)	2019
Spider-UK	Anya_Corazon	2019
Spider-UK	Captain_Universe	2019
Spider-UK	Silk_(character)	2019
Spider-UK	Spider-Man	2019
Spider-UK	Spider-Man_Noir	2019
Spider-UK	Spider-Woman_(Gwen_Stacy)	2019
Spider-UK	Spider-Woman_(Jessica_Drew)	2019
Spider-Woman	Anne_Weying	2019
Spider-Woman_(Gwen_Stacy)	Mayday_Parker	2019
Spider-Woman_(Gwen_Stacy)	Venom_(character)	2019
Star-Lord	Spider-Man	2019
Tarantula_(Marvel_Comics)	Black_Cat_(Marvel_Comics)	2019
Toro_(character)	Bucky_(Marvel_Comics)	2019
U.S._Agent	Bucky_(Marvel_Comics)	2019
U.S._Agent	Spider-Man	2019
U.S._Agent	Tarantula_(Marvel_Comics)	2019
Ursa_Major_(character)	Black_Panther_(character)	2019
Venom_(character)	Anne_Weying	2019
Venom_(character)	Black_Cat_(Marvel_Comics)	2019
Venom_(character)	Doctor_Strange	2019
Venom_(character)	Mania_(character)	2019
Venom_(character)	Rocket_Raccoon	2019
Venom_(character)	Rom_the_Space_Knight	2019
Venom_(character)	Scarlet_Spider	2019
William_Burnside_(character)	Bucky_(Marvel_Comics)	2019
Adam_Warlock	Black_Widow_(Natasha_Romanova)	2020
Adam_Warlock	Devil_Dinosaur	2020
Adam_Warlock	Fin_Fang_Foom	2020
Adam_Warlock	Human_Torch	2020
Adam_Warlock	Iron_Lad	2020
Adam_Warlock	Man-Thing	2020
Anya_Corazon	Mayday_Parker	2020
Ares_(Marvel_Comics)	Shang-Chi	2020
Betsy_Braddock	Captain_Marvel_(Marvel_Comics)	2020
Betsy_Braddock	Northstar_(character)	2020
Blade_(character)	Man-Thing	2020
Blade_(character)	Satana_(Marvel_Comics)	2020
Cable_(character)	Rusty_Collins	2020
Coldblood	Darkhawk	2020
Darkdevil	Mayday_Parker	2020
Darkdevil	Venom_(character)	2020
Doctor_Strange	Sentry_(Robert_Reynolds)	2020
Eddie_Brock	She-Hulk	2020
Eddie_Brock	Spider-Woman_(Gwen_Stacy)	2020
Elsa_Bloodstone	Blade_(character)	2020
Elsa_Bloodstone	Devil_Dinosaur	2020
Elsa_Bloodstone	Ghost_Rider_(Johnny_Blaze)	2020
Elsa_Bloodstone	Iron_Fist_(character)	2020
Elsa_Bloodstone	Jericho_Drumm	2020
Elsa_Bloodstone	Man-Thing	2020
Elsa_Bloodstone	Wolverine_(character)	2020
Fabio_Medina	Cyclops_(Marvel_Comics)	2020
Ghost_Rider_(Johnny_Blaze)	Satana_(Marvel_Comics)	2020
Gwenpool	Hyperion_(character)	2020
Hank_Pym	Magician_(Marvel_Comics)	2020
Hank_Pym	Shang-Chi	2020
Hercules_(Marvel_Comics)	Human_Torch	2020
Hercules_(Marvel_Comics)	Living_Lightning	2020
Hercules_(Marvel_Comics)	Quicksilver_(Marvel_Comics)	2020
Hulk	Devil_Hulk	2020
Iron_Fist_(character)	Ghost_Rider	2020
Iron_Fist_(character)	Phoenix_Force	2020
Jessica_Jones	Janice_Lincoln	2020
Man-Thing	Blade_(character)	2020
Mania_(character)	Black_Cat_(Marvel_Comics)	2020
Mania_(character)	Eddie_Brock	2020
Mania_(character)	Human_Torch	2020
Mania_(character)	Spider-Man	2020
Mania_(character)	Wolverine_(character)	2020
Noh-Varr	Moondragon	2020
Noh-Varr	Nova_(Richard_Rider)	2020
Noh-Varr	Phyla-Vell	2020
Noh-Varr	Rocket_Raccoon	2020
Noh-Varr	Star-Lord	2020
Nova_(Richard_Rider)	Mayday_Parker	2020
Phil_Urich	Mayday_Parker	2020
Red_Raven_(Marvel_Comics)	Two-Gun_Kid	2020
Rikki_Barnes	Peggy_Carter	2020
Rocket_Raccoon	Hercules_(Marvel_Comics)	2020
Rocket_Raccoon	Scarlet_Witch	2020
Scarlet_Spider	Mayday_Parker	2020
Shang-Chi	Ares_(Marvel_Comics)	2020
Shang-Chi	Hank_Pym	2020
Shang-Chi	Silk_(character)	2020
Spider-Girl	Spider-Woman	2020
Spider-UK	Mayday_Parker	2020
Spider-Woman	Mayday_Parker	2020
Spider-Woman_(Gwen_Stacy)	John_Jameson_(character)	2020
Spider-Woman_(Jessica_Drew)	Spider-Woman_(Gwen_Stacy)	2020
Star_Brand	Black_Panther_(character)	2020
Star_Brand	Ghost_Rider	2020
Star_Brand	Iron_Fist_(character)	2020
Star_Brand	Phoenix_Force	2020
Steel_Spider	Mayday_Parker	2020
Venom_(character)	Black_Widow_(Natasha_Romanova)	2020
Anya_Corazon	Spider-Man_Noir	2021
Anya_Corazon	Spider-Woman_(Gwen_Stacy)	2021
Blue_Diamond_(character)	Human_Torch	2021
Blue_Diamond_(character)	Jack_Frost_(Marvel_Comics)	2021
Blue_Diamond_(character)	Jeffrey_Mace	2021
Blue_Diamond_(character)	Red_Raven_(Marvel_Comics)	2021
Blue_Diamond_(character)	Thin_Man_(character)	2021
Blue_Diamond_(character)	Whizzer_(Robert_Frank)	2021
Cable_(character)	Hercules_(Marvel_Comics)	2021
Caretaker_(comics)	Ghost_Rider	2021
Cloak_and_Dagger_(characters)	Robbie_Baldwin	2021
Deadpool	Venom_(character)	2021
Delroy_Garrett	Marvel_Boy_(Robert_Grayson)	2021
Detroit_Steel	War_Machine	2021
Doctor_Strange	Rocket_Raccoon	2021
Eddie_Brock	Black_Widow_(Natasha_Romanova)	2021
Ghost_Rider	Ares_(Marvel_Comics)	2021
Hercules_(Marvel_Comics)	Noh-Varr	2021
Hercules_(Marvel_Comics)	Star-Lord	2021
Hulkling	Speed_(character)	2021
Jack_Frost_(Marvel_Comics)	Blue_Diamond_(character)	2021
Jack_Frost_(Marvel_Comics)	Jeffrey_Mace	2021
Jack_Frost_(Marvel_Comics)	Red_Raven_(Marvel_Comics)	2021
Jack_Frost_(Marvel_Comics)	Thin_Man_(character)	2021
Jack_Frost_(Marvel_Comics)	Whizzer_(Robert_Frank)	2021
Jean_Grey_(X-Men_film_series)	Jean_Grey	2021
Jean_Grey_(X-Men_film_series)	Leech_(character)	2021
Jean_Grey_(X-Men_film_series)	Phoenix_Force	2021
John_Jameson_(character)	Patsy_Walker	2021
Mockingbird_(Marvel_Comics)	Deathlok	2021
Nightwatch_(character)	Doctor_Druid	2021
Noh-Varr	Hercules_(Marvel_Comics)	2021
Quicksilver_(Marvel_Comics)	Mockingbird_(Marvel_Comics)	2021
Solo_(Marvel_Comics)	Gauntlet_(Joseph_Green)	2021
Spider-Man_Noir	Black_Widow_(Natasha_Romanova)	2021
Spider-Man_Noir	Shuri_(character)	2021
Spider-Woman_(Gwen_Stacy)	Black_Cat_(Marvel_Comics)	2021
Storm_(Marvel_Comics)	Phoenix_Force	2021
Tarantula_(Marvel_Comics)	Devil_Dinosaur	2021
Tarantula_(Marvel_Comics)	Mockingbird_(Marvel_Comics)	2021
Tarantula_(Marvel_Comics)	Outlaw_(Marvel_Comics)	2021
Tarantula_(Marvel_Comics)	U.S._Agent	2021
The_Union_(Marvel)	Union_Jack_(Joseph_Chapman)	2021
U.S._Agent	Deathlok	2021
U.S._Agent	Misty_Knight	2021
U.S._Agent	Mockingbird_(Marvel_Comics)	2021
U.S._Agent	Wolverine_(character)	2021
Union_Jack_(Joseph_Chapman)	The_Union_(Marvel)	2021
Union_Jack_(Marvel_Comics)	The_Union_(Marvel)	2021
Venom_(character)	Black_Panther_(character)	2021
Venom_(character)	Mayday_Parker	2021
Venom_(character)	Silk_(character)	2021
Venom_(character)	Spider-Woman_(Gwen_Stacy)	2021
Whizzer_(Robert_Frank)	Toro_(character)	2021
Wolverine_(character)	Hercules_(Marvel_Comics)	2021
Ajak	Makkari_(character)	2022
Balder_the_Brave	Hercules_(Marvel_Comics)	2022
Beta_Ray_Bill	Hulk	2022
Cable_(character)	Betsy_Braddock	2022
Captain_Universe	Jean_Grey	2022
Captain_Universe	Venom_(character)	2022
Cyclops_(Marvel_Comics)	Betsy_Braddock	2022
Deadpool	Ghost_Rider	2022
Ghost_Rider	Deadpool	2022
Guardsman_(character)	Eddie_Brock	2022
Gwenpool	Storm_(Marvel_Comics)	2022
Hellion_(character)	Surge_(Marvel_Comics)	2022
Hulkling	Noh-Varr	2022
Ikaris	Doctor_Strange	2022
Iron_Fist_(character)	Union_Jack_(Marvel_Comics)	2022
Jubilee_(character)	Betsy_Braddock	2022
Mania_(character)	Doctor_Strange	2022
Moon_Knight	Phoenix_Force	2022
Moon_Knight	Shang-Chi	2022
Moon_Knight	Star_Brand	2022
Northstar_(character)	Surge_(Marvel_Comics)	2022
Northstar_(character)	Vindicator_(comics)	2022
Puck_(Marvel_Comics)	Betsy_Braddock	2022
Rachel_Summers	Betsy_Braddock	2022
Ronin_(Marvel_Comics)	Black_Panther_(character)	2022
Scarlet_Witch	Human_Torch_(android)	2022
Silhouette_(comics)	Luke_Cage	2022
Silhouette_(comics)	Spider-Man	2022
Solo_(Marvel_Comics)	War_Machine	2022
Solo_(Marvel_Comics)	Wolverine_(character)	2022
Spider-Bitch_(Ashley_Barton)	Spider-Woman	2022
Spider-Girl	Spider-Bitch_(Ashley_Barton)	2022
Spider-Woman	Star-Lord	2022
Spider-Woman_(Gwen_Stacy)	Ghost_Rider	2022
Star_Brand	Doctor_Spectrum	2022
Star_Brand	Rocket_Raccoon	2022
The_Union_(Marvel)	Union_Jack_(Marvel_Comics)	2022
Toro_(character)	Doctor_Strange	2022
Toro_(character)	Hulk	2022
U.S._Agent	Moon_Knight	2022
Betsy_Braddock	Brian_Braddock	2023
Brian_Braddock	Arabian_Knight_(character)	2023
Brian_Braddock	Betsy_Braddock	2023
Brian_Braddock	Elsa_Bloodstone	2023
Brian_Braddock	Emma_Frost	2023
Brian_Braddock	Hulk	2023
Brian_Braddock	Killpower	2023
Brian_Braddock	Ms._Marvel	2023
Brian_Braddock	Rachel_Summers	2023
Brian_Braddock	Spider-Man	2023
Brian_Braddock	Spitfire_(character)	2023
Brian_Braddock	Union_Jack_(Marvel_Comics)	2023
Bug_(Marvel_Comics)	Moondragon	2023
Frog-Man	Gargoyle_(comics)	2023
Frog-Man	Human_Torch	2023
Garrison_Kane	Nomad_(Marvel_Comics)	2023
Ghost_Rider	Caretaker_(comics)	2023
Hank_Pym	Doctor_Nemesis	2023
Hank_Pym	Mockingbird_(Marvel_Comics)	2023
Man-Thing	Hit-Monkey	2023
Morbius	Deathlok	2023
Morbius	Eddie_Brock	2023
Morbius	Misty_Knight	2023
Ravage_2099	Spider-Man	2023
Shatterstar	Rachel_Summers	2023
Shuri_(character)	Luke_Cage	2023
Spider-Bitch_(Ashley_Barton)	Captain_Universe	2023
Spider-Bitch_(Ashley_Barton)	Deadpool	2023
Spider-Bitch_(Ashley_Barton)	Fin_Fang_Foom	2023
Spider-Bitch_(Ashley_Barton)	Hulk	2023
Spider-Bitch_(Ashley_Barton)	John_Jameson_(character)	2023
Spider-Bitch_(Ashley_Barton)	Mayday_Parker	2023
Spider-Bitch_(Ashley_Barton)	Mockingbird_(Marvel_Comics)	2023
Spider-Bitch_(Ashley_Barton)	Rocket_Raccoon	2023
Spider-Bitch_(Ashley_Barton)	Spider-Man	2023
Spider-Bitch_(Ashley_Barton)	Spider-Woman_(Gwen_Stacy)	2023
Spider-Bitch_(Ashley_Barton)	Spider-Woman_(Jessica_Drew)	2023
Spider-Bitch_(Ashley_Barton)	Star-Lord	2023
Spider-Bitch_(Ashley_Barton)	Venom_(character)	2023
Spider-Bitch_(Ashley_Barton)	Wolverine_(character)	2023
Spider-Woman	Spider-Bitch_(Ashley_Barton)	2023
Wolverine_(Ultimate_Marvel_character)	Cyclops_(Marvel_Comics)	2023
Wolverine_(Ultimate_Marvel_character)	Iron_Man_(Ultimate_Marvel_character)	2023
Wolverine_(Ultimate_Marvel_character)	Phoenix_Force	2023
Abomination_(character)	Deathlok	2024
Adam_Warlock	Black_Panther_(character)	2024
Adam_Warlock	Emma_Frost	2024
Adam_Warlock	Ghost_Rider	2024
Adam_Warlock	Moon_Knight	2024
Adam_Warlock	Scarlet_Witch	2024
Captain_Universe	Spider-Man_Noir	2024
Deathlok	Abomination_(character)	2024
Doom_2099	Deathlok	2024
Hank_Pym	Hyperion_(character)	2024
Iron_Fist_(character)	Cloak_and_Dagger_(characters)	2024
Iron_Man_(Ultimate_Marvel_character)	Wolverine_(Ultimate_Marvel_character)	2024
Jean_Grey	Wolverine_(Ultimate_Marvel_character)	2024
Karnak_(character)	Jean_Grey	2024
Moon_Knight	Blade_(character)	2024
Rachel_Summers	Spider-Girl	2024
Sabra_(character)	Spider-Man	2024
Satana_(Marvel_Comics)	Deadpool	2024
Satana_(Marvel_Comics)	Doctor_Druid	2024
Scarlet_Scarab	Moon_Knight	2024
Silk_(character)	Phil_Urich	2024
Solomon_Kane_(comics)	Moon_Knight	2024
Spider-Girl	Cyclops_(Marvel_Comics)	2024
Spider-Girl	John_Jameson_(character)	2024
Spider-Girl	Spider-Woman_(Gwen_Stacy)	2024
Spider-Woman_(Gwen_Stacy)	Human_Torch	2024
War_Machine	Cloak_and_Dagger_(characters)	2024
Wolverine_(character)	Phoenix_Force	2024
Xorn	Sentry_(Robert_Reynolds)	2024
Abomination_(character)	Jessica_Jones	2025
Black_Panther_(character)	Misty_Knight	2025
Black_Widow_(Natasha_Romanova)	Venom_(character)	2025
Captain_Marvel_(Marvel_Comics)	Radioactive_Man_(comics)	2025
Ch'od	Jean_Grey	2025
Dargo_Ktor	Beta_Ray_Bill	2025
Dargo_Ktor	Hercules_(Marvel_Comics)	2025
Darkhawk	Wolverine_(character)	2025
Deadpool	Gwenpool	2025
Devil_Dinosaur	Ghost_Rider_(Danny_Ketch)	2025
Devil_Hulk	Venom_(character)	2025
Doctor_Strange	Moon_Knight	2025
Dogpool	Deadpool	2025
Doom_2099	Cloak_and_Dagger_(characters)	2025
Gremlin_(comics)	Spider-Woman_(Jessica_Drew)	2025
Hawkeye_(comics)	Black_Widow_(Natasha_Romanova)	2025
Hawkeye_(comics)	Franklin_Richards_(character)	2025
Hellion_(character)	Synapse_(character)	2025
Hrimhari	Werewolf_by_Night	2025
Hyperion_(character)	Gwenpool	2025
Misty_Knight	Bill_Foster_(character)	2025
Misty_Knight	Blade_(character)	2025
Moon_Knight	Adam_Warlock	2025
Paladin_(comics)	Eddie_Brock	2025
Paladin_(comics)	Solo_(Marvel_Comics)	2025
Rockslide_(character)	Scarlet_Witch	2025
Silk_(character)	Spider-Woman	2025
U.S._Agent	Shang-Chi	2025
White_Tiger_(comics)	White_Tiger_(Heroes_for_Hire)	2025
Wolverine_(character)	Jericho_Drumm	2025
Wolverine_(character)	Venom_(character)	2025
Wolverine_(character)	Wolverine_(Ultimate_Marvel_character)	2025
Abomination_(character)	Kristoff_Vernard	2026
Anne_Weying	Deadpool	2026
Beta_Ray_Bill	Storm_(Marvel_Comics)	2026
Betsy_Braddock	Man-Thing	2026
Betsy_Braddock	Surge_(Marvel_Comics)	2026
Black_Cat_(Marvel_Comics)	Killraven	2026
Black_Cat_(Marvel_Comics)	Mayday_Parker	2026
Black_Panther_(character)	Black_Bolt	2026
Blackwulf	Deathlok	2026
Blade_(character)	Moon_Knight	2026
Blue_Eagle_(character)	Black_Widow_(Natasha_Romanova)	2026
Bob,_Agent_of_Hydra	Hulk	2026
Bob,_Agent_of_Hydra	Spider-Man	2026
Chase_Stein	Cammi_(character)	2026
Crane_Mother	Hulk	2026
Crane_Mother	Lei_Kung_(character)	2026
Deadpool	Dragon_Lord_(character)	2026
Deadpool	Elsa_Bloodstone	2026
Deadpool	Morbius	2026
Deadpool	Rocket_Raccoon	2026
Debrii	Gauntlet_(Joseph_Green)	2026
Doctor_Druid	Emma_Frost	2026
Doctor_Nemesis	Black_Panther_(character)	2026
Doctor_Nemesis	Cyclops_(Marvel_Comics)	2026
Doctor_Nemesis	Emma_Frost	2026
Doctor_Nemesis	Jean_Grey	2026
Doctor_Nemesis	Luke_Cage	2026
Doom_2099	Cable_(character)	2026
Doom_2099	Rachel_Summers	2026
Doom_2099	Wolverine_(character)	2026
Eddie_Brock	Silk_(character)	2026
Eddie_Brock	Spider-Woman	2026
Elsa_Bloodstone	Deadpool	2026
Empath_(character)	Hellion_(character)	2026
Emrys_Killebrew	Wolverine_(character)	2026
Fabio_Medina	Phoenix_Force	2026
Gargoyle_(comics)	War_Machine	2026
Garrison_Kane	Box_(comics)	2026
Genis-Vell	Hyperion_(character)	2026
Guardian_(Marvel_Comics)	Wolverine_(Ultimate_Marvel_character)	2026
Gwenpool	Deathlok	2026
Gwenpool	Fin_Fang_Foom	2026
Hawkeye_(comics)	Ronin_(Marvel_Comics)	2026
Hellion_(character)	Empath_(character)	2026
Hellion_(character)	Phoenix_Force	2026
Hellion_(character)	Rusty_Collins	2026
Hellion_(character)	Spider-Man	2026
Hulk_2099	Moon_Knight	2026
Iron_Lad	Kristoff_Vernard	2026
Iron_Man_2020	War_Machine	2026
Jack_Frost_(Marvel_Comics)	Scarlet_Witch	2026
Janice_Lincoln	Black_Widow_(Natasha_Romanova)	2026
Janice_Lincoln	Iron_Fist_(character)	2026
Janice_Lincoln	Luke_Cage	2026
Jean_Grey	Gladiator_(Kallark)	2026
Jean_Grey	Jean_Grey_(X-Men_film_series)	2026
Jean_Grey_(X-Men_film_series)	Cyclops_(Marvel_Comics)	2026
Jean_Grey_(X-Men_film_series)	Jubilee_(character)	2026
Jessica_Jones	Cloak_and_Dagger_(characters)	2026
Jessica_Jones	Misty_Knight	2026
Jessica_Jones	Spider-Girl	2026
Jessica_Jones	Wolverine_(character)	2026
John_Jameson_(character)	Spider-Woman_(Gwen_Stacy)	2026
Jubilee_(character)	Cable_(character)	2026
Karnak_(character)	Hulk	2026
Kismet_(Marvel_Comics)	Captain_Marvel_(Marvel_Comics)	2026
Korvus	Phoenix_Force	2026
Kristoff_Vernard	Human_Torch	2026
Living_Lightning	Human_Torch	2026
Luke_Cage	Blade_(character)	2026
Machine_Man	Black_Bolt	2026
Machine_Man	Cable_(character)	2026
Machine_Man	Morbius	2026
Man-Thing	Fin_Fang_Foom	2026
Man-Thing	Jericho_Drumm	2026
Mayday_Parker	Silk_(character)	2026
Mayday_Parker	Spider-UK	2026
Misty_Knight	Black_Cat_(Marvel_Comics)	2026
Moon_Knight	Ghost_Rider	2026
Moonglow_(comics)	Doctor_Strange	2026
Motormouth_(comics)	Peggy_Carter	2026
Outlaw_(Marvel_Comics)	Shatterstar	2026
Phoenix_Force	Moon_Knight	2026
Phyla-Vell	Cammi_(character)	2026
Power_Man_(Victor_Alvarez)	Hulk	2026
Powerhouse_(Marvel_Comics)	Rom_the_Space_Knight	2026
Puck_(Marvel_Comics)	Adam_Warlock	2026
Quasar_(character)	Marvel_Boy_(Robert_Grayson)	2026
Quicksilver_(Marvel_Comics)	Franklin_Richards_(character)	2026
Quicksilver_(Marvel_Comics)	Gorgon_(Inhuman)	2026
Quicksilver_(Marvel_Comics)	Hank_Pym	2026
Quicksilver_(Marvel_Comics)	Human_Torch	2026
Quicksilver_(Marvel_Comics)	Northstar_(character)	2026
Quicksilver_(Marvel_Comics)	Synapse_(character)	2026
Rachel_Summers	Jubilee_(character)	2026
Rachel_Summers	Northstar_(character)	2026
Rachel_Summers	Raza_Longknife	2026
Raza_Longknife	Nova_(Richard_Rider)	2026
Robbie_Baldwin	Hank_Pym	2026
Robbie_Baldwin	Vance_Astrovik	2026
Rockslide_(character)	Phoenix_Force	2026
Sabra_(character)	Cloak_and_Dagger_(characters)	2026
Sabra_(character)	Red_Guardian	2026
Sabra_(character)	Vance_Astrovik	2026
Scarlet_Witch	Cyclops_(Marvel_Comics)	2026
Sentry_(Robert_Reynolds)	Misty_Knight	2026
She-Hulk	Sentry_(Robert_Reynolds)	2026
Shuri_(character)	Hulk	2026
Spider-Girl	Black_Cat_(Marvel_Comics)	2026
Spider-Girl	Jessica_Jones	2026
Spider-Man_Noir	Spider-Woman_(Gwen_Stacy)	2026
Spider-Woman_(Jessica_Drew)	Wolverine_(character)	2026
Star-Lord	Bug_(Marvel_Comics)	2026
Star-Lord	Moondragon	2026
Star-Lord	Phyla-Vell	2026
Storm_(Marvel_Comics)	Black_Cat_(Marvel_Comics)	2026
Storm_(Marvel_Comics)	Jubilee_(character)	2026
Storm_(Marvel_Comics)	Puck_(Marvel_Comics)	2026
Storm_(Marvel_Comics)	Rachel_Summers	2026
Ulysses_Bloodstone	Elsa_Bloodstone	2026
Ursa_Major_(character)	Wolverine_(character)	2026
Vance_Astrovik	Gauntlet_(Joseph_Green)	2026
Vance_Astrovik	Hank_Pym	2026
Vance_Astrovik	Quicksilver_(Marvel_Comics)	2026
Vance_Astrovik	Robbie_Baldwin	2026
Vindicator_(comics)	Wolverine_(Ultimate_Marvel_character)	2026
Vulcan_(Marvel_Comics)	Darkhawk	2026
Wild_Child_(character)	Empath_(character)	2026
Yelena_Belova	Mockingbird_(Marvel_Comics)	2026
Yelena_Belova	Red_Guardian	2026
Yelena_Belova	Shang-Chi	2026
Yelena_Belova	U.S._Agent	2026
